Smiles,Label
OC[C@H](O)[C@@H](O)[C@H](O)[C@H](O)CO,0
FC(F)(F)C(Cl)Br,0
O=C1OCCN1/N=C/c1ccc([N+](=O)[O-])o1,1
NC(=O)N/N=C/c1ccc([N+](=O)[O-])o1,1
Clc1ccc(C(c2ccccc2Cl)C(Cl)Cl)cc1,0
O=C1Nc2ccc(Cl)cc2C(c2ccccc2)=NC1O,0
O=C(C1CCCCC1)N1CC(=O)N2CCc3ccccc3C2C1,0
O=P1(NCCCl)OCCCN1CCCl,1
C[C@]12C[C@H](O)[C@H]3[C@@H](CCC4=CC(=O)C=C[C@@]43C)[C@@H]1CC[C@]2(O)C(=O)CO,0
CC(C)OC(=O)C(C)(C)Oc1ccc(C(=O)c2ccc(Cl)cc2)cc1,0
CC(=O)Oc1ccccc1C(=O)O,0
C=CCC1(C(C)C#CCC)C(=O)NC(=O)N(C)C1=O,0
CCCC(C)(COC(N)=O)COC(=O)NC(C)C,0
CCCCC(CC)COC(=O)C(C#N)=C(c1ccccc1)c1ccccc1,0
CCO,0
CN(C)c1ccc(C(=C2C=CC(=[N+](C)C)C=C2)c2ccc(N(C)C)cc2)cc1,0
CCC1NC(=O)c2cc(S(N)(=O)=O)c(Cl)cc2N1,0
Clc1ccc(COC(Cn2ccnc2)c2ccc(Cl)cc2Cl)cc1,0
CN1C(CSCC(F)(F)F)Nc2cc(Cl)c(S(N)(=O)=O)cc2S1(=O)=O,0
CC(C)NCC(O)COc1cccc2ccccc12,0
ClC1C(Cl)C(Cl)C(Cl)C(Cl)C1Cl,0
C=C1CCC=C(C)CCC2C1CC2(C)C,0
O=C1CC(c2ccc(O)cc2)Oc2cc(O)cc(O)c21,0
COc1cc(-c2oc3cc(O)cc(O)c3c(=O)c2O)ccc1O,0
C=C1CCC(O)CC1=CC=C1CCCC2(C)C1CCC2C(C)CCCC(C)C,0
COc1cc2c(cc1OC)C13CCN4CC5=CCOC6CC(=O)N2C1C6C5CC43,0
CC=C1CC(C)C(O)(CO)C(=O)OCC2=CC[N+]3([O-])CCC(OC1=O)C23,0
O=C(C=Cc1ccc(O)c(O)c1)OC1CC(O)(C(=O)O)CC(O)C1O,0
COc1ccc(Cc2nccc3cc(OC)c(OC)cc23)cc1OC,0
CC12CCC3C(CCC4=CC(=O)CCC43C)C1CCC2=O,0
COc1cc(O)c2c(c1)C(=O)c1cc(C)cc(O)c1C2=O,1
C=C1C(=O)OC2CC(C)C3CC(O)OC(O)C3(C)CC12,1
O=c1cc(-c2ccc(O)cc2)oc2cc(O)cc(O)c12,0
C=C1C(=O)OC2CC(C)C3C=CC(=O)C3(C)C(O)C12,0
CCCCCCCCCCCCCCCC(=O)O,0
Cc1cc(O)c2c(O)c3c(O)cccc3cc2c1,1
CCCCCCCCCCCCCC(=O)O,0
CNC(C)C(O)c1ccccc1,0
CC(=O)NC(CS)C(=O)O,1
CC1CCC(C(C)C)C(O)C1,0
CC1CCC(C(C)C)C(=O)C1,1
CC(C)=C1CCC(C)CC1=O,0
CC12CCC(CC1=O)C2(C)C,0
Cc1coc2c1CCC(C)C2,0
C=C(C)C1CC=C(C)CC1,0
COc1cc2c(c3oc(=O)c4c(c13)CCC4=O)C1C=COC1O2,1
COc1cc(NS(C)(=O)=O)ccc1Nc1c2ccccc2nc2ccccc12,1
O=NN(CCCl)C(=O)NCCCl,1
CC(=O)C(N=Nc1ccc(-c2ccc(N=NC(C(C)=O)C(=O)Nc3ccccc3)c(Cl)c2)cc1Cl)C(=O)Nc1ccccc1,0
O=c1[nH]c(=O)n(C2CC(O)C(CO)O2)cc1Br,0
Cc1cc(C(C)(C)C)c(O)c(C(C)(C)C)c1,0
O=C1C2CC=CCC2C(=O)N1SC(Cl)(Cl)C(Cl)Cl,0
CCN(CC)CCCC(C)Nc1ccnc2cc(Cl)ccc12,1
CCOC(=O)C(CCc1ccccc1)NC(C)C(=O)N(CC(=O)O)C1Cc2ccccc2C1,0
CC(C)(CO)C(O)C(=O)NCCCO,0
NNc1nnc(NN)c2ccccc12,1
C1COCCO1,0
CCCCCc1cc(O)c2c(c1)OC(C)(C)C1CCC(C)=CC21,0
COc1cc(C2c3cc4c(cc3C(OC3OC5COC(C)OC5C(O)C3O)C3COC(=O)C23)OCO4)cc(OC)c1O,0
CC(C)n1c(C=CC(O)CC(O)CC(=O)O)c(-c2ccc(F)cc2)c2ccccc21,0
CCOP(=O)(OCC)C(C)NC(=O)N(CCCl)N=O,1
Cc1c(F)c(N2CCNC(C)C2)cc2c1c(=O)c(C(=O)O)cn2C1CC1,0
ClC1=C(Cl)C2(Cl)C3C(Cl)C=CC3C1(Cl)C2(Cl)Cl,0
O=[N+]([O-])OC1COC2C(O)COC12,0
CC1COc2c(N3CCN(C)CC3)c(F)cc3c(=O)c(C(=O)O)cn1c23,0
CSCCC(N)C(=O)O,0
C#CC1(O)CCC2C3CCc4cc(OC)ccc4C3CCC21C,0
CN1CCC(CN2c3ccccc3Sc3ccccc32)C1,0
OC(CBr)C(O)C(O)C(O)CBr,1
CCn1cc(C(=O)O)c(=O)c2cc(F)c(N3CCNCC3)cc21,1
C=CCOc1ccccc1OCC(O)CNC(C)C,0
COC(=O)C1C2CC3c4[nH]c5cc(OC)ccc5c4CCN3CC2CC(OC(=O)c2cc(OC)c(OC)c(OC)c2)C1OC,0
CN1C2CC(OC(=O)C(CO)c3ccccc3)CC1C1OC12,0
O=C(O)c1ccccc1,0
NCCc1ccc(O)c(O)c1,1
CC(CCc1ccccc1)NCC(O)c1ccc(O)c(C(N)=O)c1,0
NCCNCCNCCN,1
COc1cc(NC(C)CCCN)c2ncccc2c1,1
CC(C)(Oc1ccc(C2CC2(Cl)Cl)cc1)C(=O)O,0
CCN(CC)CCNc1ccc(CO)c2sc3ccccc3c(=O)c12,1
CC(CN1c2ccccc2Sc2ccccc21)N(C)C,0
CC(=O)C1CCC2C3CCC4=CC(=O)CCC4(C)C3CCC12C,0
C=CC1CN2CCC1CC2C(O)c1ccnc2ccc(OC)cc12,0
C#CC1(O)CCC2C3CCC4=CC(=O)CCC4C3CCC21CC,0
Cc1cn(C2CC(O)C(CO)O2)c(=O)[nH]c1=O,0
CCCCC(CC)COC(=O)C=Cc1ccc(OC)cc1,0
Cc1cc(=O)n(-c2ccccc2)n1C,0
CC(=O)Nc1ccc(OC(=O)c2ccccc2OC(C)=O)cc1,0
Nc1ccc(-c2ccc(N)cc2)cc1,1
CCC(CCC(C)C1CCC2C3CC=C4CC(O)CCC4(C)C3CCC12C)C(C)C,0
BrC(Br)Br,1
CC(C)(S)C(=O)NC(CS)C(=O)O,0
NC(CSC(Cl)=CCl)C(=O)O,1
O=C1c2ccccc2CN2C(=O)c3ccccc3CN12,0
c1ccc(-c2ccccc2)cc1,0
NS(=O)(=O)c1cc(C(=O)O)c(NCc2ccco2)cc1Cl,0
COC1=CC(=O)CC(C)C12Oc1c(Cl)c(OC)cc(OC)c1C2=O,0
O=[N+]([O-])OC1COC2C(O[N+](=O)[O-])COC12,0
NC(CS)C(=O)O,1
CCSCCC(N)C(=O)O,0
NCCCCC(NC(CCc1ccccc1)C(=O)O)C(=O)N1CCCC1C(=O)O,0
CC(C)C(N)C(=O)O,0
CC1CS(=O)(=O)CCN1N=Cc1ccc([N+](=O)[O-])o1,1
C#CC1(O)CCC2C3CCC4=C(CCC(=O)C4)C3CCC21C,0
CC(C)NCC1CCc2cc(CO)c([N+](=O)[O-])cc2N1,1
CCCCC1C(=O)N(c2ccccc2)N(c2ccc(O)cc2)C1=O,1
CC1COc2c(C3(N)CC3)c(F)cc3c(=O)c(C(=O)O)cn1c23,0
O=C1OC(c2ccc(O)cc2)(c2ccc(O)cc2)c2ccccc21,0
CNCC(O)c1cccc(O)c1,0
CC(=O)Nc1ccc(OCC(O)CNC(C)C)cc1,0
CC12C=CC(=O)C=C1CCC1C2C(O)CC2(C)C1CCC2(O)C(=O)CO,0
NC(=O)c1ncn(C2OC(CO)C(O)C2O)n1,0
CC(S)C(=O)NCC(=O)O,0
OCC(CO)NC1CC(O)(CO)C(O)C(O)C1O,0
OCCN(CCO)CCO,0
CCSCC[C@H](N)C(=O)O,0
COC(=O)C(c1ccccc1)C1CCCCN1,0
OCC(O)C(O)C(O)C(O)CO,0
COc1ccc2cc(C(C)C(=O)O)ccc2c1,0
Cc1cn(C2CC(N=[N+]=[N-])C(CO)O2)c(=O)[nH]c1=O,1
CN(C)CCOC(c1ccccc1)c1ccccc1,0
CCC(CO)NCCNC(CC)CO,0
O=C(O)c1cn(C2CC2)c2cc(N3CCNCC3)c(F)cc2c1=O,1
Cc1ccccc1C(OCCN(C)C)c1ccccc1,0
CC1(C)SC2C(NC(=O)Cc3ccccc3)C(=O)N2C1C(=O)O,0
O=c1[nH]c(=O)n(C2CC(O)C(CO)O2)cc1I,0
CC(CCC(=O)O)C1CCC2C3C(O)CC4CC(O)CCC4(C)C3CCC12C,0
CN1CCC23c4c5ccc(O)c4OC2C(O)C=CC3C1C5,0
COc1ccc2c3c1OC1C(O)C=CC4C(C2)N(C)CCC341,0
O=C(O)C1=CC(O)C(O)C(O)C1,0
O=C(O)C1(O)CC(O)C(O)C(O)C1,0
O=C(O)CCCCC1CCSS1,0
O=c1c(O)c(-c2ccc(O)cc2)oc2cc(O)cc(O)c12,1
C=C(C)C1Cc2c(cc(O)c3c(=O)c4ccccc4n(C)c23)O1,1
COC1=CC2C3Cc4ccc(OC)c(O)c4C2(CCN3C)CC1=O,0
Cc1c(C)c2c(c(C)c1O)CCC(C)(CCCC(C)CCCC(C)CCCC(C)C)O2,0
CCCC(=O)Nc1ccc(OCC(O)CNC(C)C)c(C(C)=O)c1,0
CC(O)C(=O)O,0
CNC(C)Cc1ccccc1,0
COCC(=O)O,0
CN1CCCC1c1cccnc1,0
COc1cc(C2Oc3cc(C4Oc5cc(O)cc(O)c5C(=O)C4O)ccc3OC2CO)ccc1O,0
CN(C)CCN(Cc1ccccc1)c1ccccn1,0
NC(CCC(=O)O)C(=O)O,0
CCOC(=O)C(SP(=S)(OC)OC)c1ccccc1,0
O=c1[nH]c(=O)n(C2CC(O)C(CO)O2)cc1C(F)(F)F,1
NC(Cc1c[nH]c2ccccc12)C(=O)O,0
COc1cc2c(c(OC)c1OC)-c1ccc(OC)c(=O)cc1C(NC(C)=O)CC2,0
O=C(O)c1ccc(Cl)cc1Cl,0
c1ccc2[nH]cnc2c1,0
NC(Cc1ccc(F)cc1)C(=O)O,0
Cc1cccc(N=Nc2ccc(N(C)C)cc2)c1,1
c1ccc2cc3c(ccc4ccccc43)cc2c1,1
NC(Cc1c[nH]c2ccc(O)cc12)C(=O)O,0
C=CCN=C=S,1
CNN,1
CC1CC(C)C(=O)C(C(O)CC2CC(=O)NC(=O)C2)C1,0
CON,0
OCCN1CCN(CCCN2c3ccccc3Sc3ccc(C(F)(F)F)cc32)CC1,0
CC1(C)SC2C(NC(=O)C(N)c3ccccc3)C(=O)N2C1C(=O)O,0
C1CCCCC1,0
CC(=O)OC1(C(C)=O)CCC2C3CC(C)C4=CC(=O)CCC4(C)C3CCC21C,0
CBr,1
CNC,0
CC#N,0
CC=O,0
NC=O,0
CC(Cl)Cl,0
CC1CN1,1
CCOP(=O)(C#N)N(C)C,0
CCOC(=O)C1OC1(C)c1ccccc1,0
CCOP(=S)(OCC)SC1OCCOC1SP(=S)(OCC)OCC,1
C=CC(C)(O)CCC=C(C)C,0
CC(Br)CBr,1
CC(N)CN,0
CC(O)CN,1
O=C(O)CBr,1
C=C1C2CCC(C2)C1(C)C,0
CC(C)(OOC(C)(C)c1ccccc1)c1ccccc1,0
CC1(N)CCC(C(C)(C)N)CC1,0
CC1=CCC2CC1C2(C)C,0
CC1=C(O)C(=O)CC1,0
CC(=O)c1c(C)c([N+](=O)[O-])c(C(C)(C)C)c([N+](=O)[O-])c1C,0
O=C1c2ccccc2C(=O)c2c(O)ccc(O)c21,1
c1ccc2c(c1)ccc1ccccc12,1
CCN(C(=O)N(CC)c1ccccc1)c1ccccc1,0
O=[N+]([O-])c1ccccc1-c1ccccc1,0
C[n+]1c2cc(N)ccc2cc2ccc(N)cc21,1
CC1(C)SC2C(NC(=O)COc3ccccc3)C(=O)N2C1C(=O)O,0
CCOC(=O)c1ccccc1N,0
O=C(O)Cc1c[nH]c2ccccc12,0
O=C(O)C(O)C(O)C(=O)O,0
O=C(O)c1ccco1,0
Cc1ccccc1S(N)(=O)=O,0
NC(=O)c1ccccc1C(N)=O,0
Cc1ccc(C)c([N+](=O)[O-])c1,1
CCC(C)c1ccccc1O,0
Nc1c2ccccc2nc2ccccc12,1
C1CCC2CCCCC2C1,0
c1ccc2nccnc2c1,1
CCN(CC)c1ccc2c(C)cc(=O)oc2c1,0
CCN(CC)c1ccccc1,0
O=C(O)c1cc2ccccc2cc1O,0
CC(=O)CC(=O)Nc1ccccc1C,0
CC(Oc1cc(Cl)c(Cl)cc1Cl)C(=O)O,0
CCCCOC(=O)c1ccc(N)cc1,0
CCCCOC(=O)COc1ccc(Cl)cc1Cl,0
CCCC(O)C(CC)CO,0
Cc1ccc(O)cc1C,0
Nc1cc(Cl)ccc1Cl,0
CNC(=O)NC,0
O=C1CCCO1,0
CC(OP(C)(=O)F)C(C)(C)C,0
CC(CCN(C)C)N(C)C,0
C=C(C)C(=O)OCC(C)C,0
C=C(C)C(=O)OCCOC(=O)C(=C)C,0
OCC1CCCO1,0
CC(O)c1ccccc1,0
Nc1c(Cl)cc([N+](=O)[O-])cc1Cl,1
C=C(C)C1CC=C(C)C(O)C1,0
Cc1ccc(N(C)C)cc1,1
CCN1CCOCC1,1
O=C(Nc1ccc(Cl)cc1)Nc1ccc(Cl)c(Cl)c1,0
O=NN1CN2CN(C1)CN(N=O)C2,1
COc1ccc(Nc2ccc(OC)cc2)cc1,0
CC(C)Nc1ccc(Nc2ccccc2)cc1,0
CCC(C)Nc1ccc(NC(C)CC)cc1,0
S=C(Nc1ccccc1)Nc1ccccc1,0
CCCCN(CCO)CCCC,0
C=CC(=O)OCC(CC)CCCC,0
CCCCCCCC1CCC(=O)O1,0
CCCCC(CC)CN,0
CCCCC(CC)CO,0
O=Cc1ccc(Cl)cc1,0
O=C(O)C=Cc1cnc[nH]1,0
CCNC(=S)NCC,0
CCOC(=O)OCC,0
CCCCC(CC)CNCC(CC)CCCC,0
CCCCCCC(=O)OCC,0
C=CC(=O)OCC(C)C,0
C=CC(=O)OCC1CO1,1
C=C(C)C(=O)OCC1CO1,1
COC=O,0
COC(C)(C)CC(C)=O,0
CC(C)CC(C)N,0
NC1CCCCC1,0
OC1CCCCC1,0
O=C1CCCCC1,0
CCCCOC(=O)CCC,0
CCCCCl,0
COCOC,0
c1cc[nH]c1,0
CCCCCC,0
O=C(O)CCCC(=O)O,0
CC(O)CNCC(C)O,0
CC(O)COCC(C)O,0
CCCCCCC(=O)O,0
O=C(O)CCCCCCCCC(=O)O,0
NCCNCCN,0
OCCOCCO,0
C1CCCNCC1,0
CCCCCCCCC,0
CCCCCCCCO,0
CCCCCCCCCCCCO,0
CCCCCCCCCCCCCO,0
CCCCOCCOCCOCCCC,0
O=P(Oc1ccccc1)(Oc1ccccc1)Oc1ccccc1,0
CCOP(=S)(OCC)Oc1ccc(S(C)=O)cc1,0
Nc1ccc(O)c2c1C(=O)c1ccccc1C2=O,1
O=C1C(Cl)=C(Cl)C(=O)c2ccccc21,1
CCCCCCCCOC(=O)c1ccccc1C(=O)OCCCCCCCC,0
COc1ccc2c(c1OC)C(=O)OC2C1c2cc3c(cc2CCN1C)OCO3,0
Cc1cc(Cc2cc(C)cc(C(C)(C)C)c2O)c(O)c(C(C)(C)C)c1,0
O=C(c1ccccc1)C(O)c1ccccc1,0
CCCCCCCCCCCC(=O)N(CCO)CCO,0
CCCCCCCCS(=O)C(C)Cc1ccc2c(c1)OCO2,0
Cc1ccc([N+](=O)[O-])cc1[N+](=O)[O-],1
CCOc1cc(C=O)ccc1O,0
CCOC(=O)C1OC1c1ccccc1,0
CC(=O)Nc1ccc(S(=O)(=O)Cl)cc1,0
Nc1ncc([N+](=O)[O-])s1,1
O=[N+]([O-])c1cccc(Cl)c1,0
CC(=O)c1cccc([N+](=O)[O-])c1,1
CC(O)CN(CC(C)O)CC(C)O,0
c1ccc(OCC2CO2)cc1,1
CC(=O)Nc1ccc(N)cc1,1
OCCOc1ccccc1,0
CCCCC(C=O)CC,0
CC(C)CCO,0
CCCCCCCCC=O,0
OC[P+](CO)(CO)CO,0
CCCCOP(=O)(OCCCC)OCCCC,0
C=C(C)C#N,0
CC(O)CCl,1
O=C1c2ccccc2-c2ccc3c4c(ccc1c24)-c1ccccc1C3=O,0
Nc1ccc(N)c2c1C(=O)c1ccccc1C2=O,1
CCn1c2ccccc2c2cc(N)ccc21,1
CN(C)CCN(Cc1ccc(Cl)s1)c1ccccn1,0
CCCCC(CC)COC(=O)c1cccc(C(=O)OCC(CC)CCCC)c1,0
ClCCOP(OCCCl)OCCCl,1
NCCN1CCNCC1,0
CN(C)c1ccc(N=NS(=O)(=O)O)cc1,1
O=CO,0
c1cnccn1,0
CCCCCCNCCCCCC,0
O=C(O)C(=O)O,0
CC(=O)NS(=O)(=O)c1ccc(N)cc1,0
O=C1C=C2C(=CCOC2O)O1,0
CCCCC(CC)C(=O)O,0
COc1ccc(OC)cc1,0
CC(N)C(O)c1ccccc1,0
CCOP(=S)(OCC)SCSCC,0
CCCCC(CC)COP(OCC(CC)CCCC)OCC(CC)CCCC,0
CC1Cc2c(Cl)cc(C(=O)NC(Cc3ccccc3)C(=O)O)c(O)c2C(=O)O1,0
COc1cccc2c1cc([N+](=O)[O-])c1c(C(=O)O)cc3c(c12)OCO3,1
CCC1CN2CCc3cc(OC)c(OC)cc3C2CC1CC1NCCc2cc(OC)c(OC)cc21,0
CC(=O)OCc1ccc2c(c1)OCO2,0
CON(C)C(=O)Nc1ccc(Cl)c(Cl)c1,1
CCOP(=S)(OCC)Oc1cc(C)nc(C(C)C)n1,0
O=C(Cl)c1ccccc1F,1
C1CS1,1
CC(=O)OC1(C(C)=O)CCC2C3C=C(Cl)C4=CC(=O)C5CC5C4(C)C3CCC21C,0
CC(CCC(=O)O)C1CCC2C3CCC4CC(O)CCC4(C)C3CCC12C,0
O=C(O)C1CSCN1,0
CC12CCC(CC1)C(C)(C)O2,0
COc1ccc2c(c1OC)CN1CCc3cc4c(cc3C1=C2)OCO4,0
Cc1ccc(C)c(C)c1C,0
C[N+]1([O-])CCCC1c1cccnc1,0
CCN(CC)CCCC(C)Nc1cc(OC)cc2cccnc12,1
Cc1c(O)cc([N+](=O)[O-])cc1[N+](=O)[O-],0
FCC1CO1,1
CC(=O)C(C)O,0
CC1=C2C(=COC(C)C2C)C(=O)C(C(=O)O)C1=O,0
N#CC(O)c1ccccc1,0
c1ccc(CSCc2ccccc2)cc1,0
CC1C(=O)CC2(C(C)C)CC12,0
CC1=CC2c3cccc4[nH]cc(c34)CC2N(C)C1,1
O=C1NCCN1/N=C/c1ccc([N+](=O)[O-])o1,1
OCC1CO1,1
CCN,0
Cc1c2ccccc2c(CO)c2ccc3ccccc3c12,1
N=C1C=CC(=C(c2ccc(N)cc2)c2ccc(N)cc2)C=C1,1
ClSC(Cl)(Cl)Cl,1
COP(=O)(OC)N1CCOCC1,0
COC(N)=O,0
CCC(C)C1NC(=O)C(C(C)=O)=C1O,0
CN=C=O,0
CCSCCSP(=S)(OC)OC,0
NC(=O)c1cccc([N+](=O)[O-])c1,1
CN(N)C=O,0
CCCN(CCC)C(=O)SCC,0
C=CC(Cl)CCl,0
OOC1CCCc2ccccc21,1
CC(C)CC(C)Nc1ccc(Nc2ccccc2)cc1,0
CCCN(N=O)C(N)=O,1
C=C(C)C(=O)OCCO,0
O=C(O)c1ccccc1C(=O)O,0
O=S(=O)(O)c1ccc2c(N=Nc3ccc(S(=O)(=O)O)c4ccccc34)c(O)c(S(=O)(=O)O)cc2c1,0
CCC(C)ON=O,1
CC(C)OS(C)(=O)=O,1
C=CC1CO1,1
CS(=O)c1ccc(Cl)cc1,0
CCOP(=S)(CC)Sc1ccccc1,0
CN(C)CCN(Cc1ccsc1)c1ccccn1,0
CC(=O)NN,1
O=C1CN=C(c2ccccc2)c2cc(Cl)ccc2N1,0
COc1cc2c(c3oc(=O)c4c(c13)CCOC4=O)C1C=COC1O2,1
NCc1cccc(CN)c1,0
CC(=O)N(O)c1ccc(Cl)cc1,0
CCOC(=O)CC(SP(=O)(OC)OC)C(=O)OCC,0
CC(C)(c1ccc(OCC2CO2)cc1)c1ccc(OCC2CO2)cc1,1
Nc1ccc2c(c1N)C(=O)c1ccccc1C2=O,1
Nc1c(Br)cc([N+](=O)[O-])cc1[N+](=O)[O-],1
CCOC(=O)C=Cc1ccc([N+](=O)[O-])o1,1
O=C(O)Cc1ccc(Cl)cc1,0
CCCCC(CC)COC(=O)COc1ccc(Cl)cc1Cl,0
Nc1ccc2cc(S(=O)(=O)O)cc(O)c2c1N=Nc1ccc(-c2ccc(N=Nc3cc(S(=O)(=O)O)c4ccccc4c3N)cc2)cc1,1
CC1CCCCC1NC(=O)Nc1ccccc1,0
CCOP(=O)(Oc1ccc([N+](=O)[O-])cc1)c1ccccc1,1
NC1=NC(C(=O)O)CS1,0
Cc1ccccc1OCC1CO1,1
ClC1=C(Cl)C(Cl)(C2(Cl)C(Cl)=C(Cl)C(Cl)=C2Cl)C(Cl)=C1Cl,1
CC(=O)OCC12CCC(C)=CC1OC1C(O)C(OC(C)=O)C2(C)C12CO2,0
CNC(=O)C(C)SCCSP(=O)(OC)OC,1
CNC(=S)N(C)C,0
CC(=O)Nc1ccc(S(=O)(=O)O)c2cc(S(=O)(=O)O)c(N=Nc3ccc(N=Nc4ccc(S(=O)(=O)O)cc4)c4ccc(S(=O)(=O)O)cc34)c(O)c12,0
O=C1NC(=O)C(c2ccccc2)(c2ccc(O)cc2)N1,0
C=CC(=O)NC(C)(C)CC(C)=O,0
CN1CCN=C(c2ccccc2)c2cc(Cl)ccc21,0
CC(C)CCC(C)Nc1ccc(NC(C)CCC(C)C)cc1,0
ClC(Cl)(Cl)C1CO1,1
ClC(Cl)(Cl)CC1CO1,1
BrCC1CO1,1
CCOC(=O)CC(SP(=O)(OC)SC)C(=O)OCC,0
OCC1OC(n2cnc3c(NO)ncnc32)C(O)C1O,1
CS(=O)(=O)OCCCNCCCOS(C)(=O)=O,1
C=NO,0
CN(C)C(=O)N(C)N=O,1
C=CC(=O)OCC(CO)(COC(=O)C=C)COC(=O)C=C,0
O=C(O)CCC(=O)OCC(NC(=O)C(Cl)Cl)C(O)c1ccc([N+](=O)[O-])cc1,0
CC(C)(Oc1ccc(C2CCCc3ccccc32)cc1)C(=O)O,0
COP1(=S)OCc2ccccc2O1,1
CCCCN(CCCCO)N=O,1
O=NN1CCNC1=O,1
Cc1ccc(OP(=O)(Oc2ccc(C)cc2C)Oc2ccc(C)cc2C)c(C)c1,0
NCCNCCNCCNCCNCCN,1
C=CC(=O)OCCOCCOC(=O)C=C,0
CC1(C)CC(N=C=O)CC(C)(CN=C=O)C1,0
CCCCC(CC)COC(=O)c1ccccc1C(=O)O,0
C[N+](C)(C)Cc1ccccc1,0
Cc1cc(C)c(S(=O)(=O)O)cc1N=Nc1cc(S(=O)(=O)O)c2ccccc2c1O,0
CC1Cc2ccc(C(=O)NC(Cc3ccccc3)C(=O)O)c(O)c2C(=O)O1,0
O=[N+]([O-])c1ccc(OCC2CO2)cc1,1
CCCCC(CC)COCCCN,0
Cc1cc(=O)oc2cc(O)ccc12,0
CC1=NCCc2c1[nH]c1cc(O)ccc21,0
Cc1cc(S(=O)(=O)O)c2c(C)ccc(C(C)C)cc1-2,0
CCCCC(=O)N(C)C,0
C=C(C)C1CC=C(C)C(=O)C1,0
CN(C)CCCNc1c2ccccc2nc2cccc([N+](=O)[O-])c12,1
COc1cc2c(c3oc(=O)c4c(c13)CCC4=O)C1(O)C=COC1O2,1
O=C1c2cc(O)cc(O)c2C(=O)c2c1cc1c(c2O)C2C=COC2O1,1
C=CC(C)(CCC=C(C)C)OC(=O)c1ccccc1N,0
O=C(OCC1CO1)c1cccc(C(=O)OCC2CO2)c1,1
N=c1ccn2c(n1)OC1C(O)C(CO)OC12,0
CCCCC(CC)COCCC#N,0
CC(Br)(CCl)CBr,0
C=CC(=O)OCCCCCCOC(=O)C=C,0
CCN(CCO)N=O,1
CS(=O)(=O)OCC(O)C(O)COS(C)(=O)=O,1
CCC(C)N,0
Clc1ccc(N=Nc2ccc(Cl)c(Cl)c2)cc1Cl,0
CCOC(=O)NNc1nncc2ccccc12,1
CCCCCCCCCCCCCCCCCC(=O)O,0
Cc1cccc(OCC(O)CNC(C)(C)C)c1C,0
Cc1ccc(NC(=O)N(C)C)cc1Cl,0
CCc1cccc(CC)c1N(COC)C(=O)CCl,1
C1CCC2OCCOCCOC3CCCCC3OCCOCCOC2C1,0
CC=C1CC2C=CC1C2,0
C=CCN(CC=C)N=O,1
O=NN1CCCC1c1cccnc1,1
CCCCCCCCCCCCCC(=O)OC1C(C)C2(O)C(C=C(CO)CC3(O)C(=O)C(C)=CC32)C2C(C)(C)C12OC(C)=O,0
C=C(C)C(=O)[N-][N+](C)(C)CC(C)O,0
C1COCCOCCOCCOCCOCCO1,0
C1CCC2OCCOCCOCCOC3CCCCC3OCCOCCOCCOC2C1,0
CC(C)(COCC1CO1)COCC1CO1,1
CCN(CC)CCN1C(=O)CN=C(c2ccccc2F)c2cc(Cl)ccc21,0
CC1CCCC(=O)CCCC=Cc2cc(O)cc(O)c2C(=O)O1,0
CNC(=O)N(C)c1nc2ccccc2s1,0
Cc1cc(Cl)ccc1OC(C)C(=O)O,0
CC1CC2OC(=O)C3(C)C2C(OC3(C)O)C2(C)C(=O)C=CC12,0
C#CCc1ccc(COC(=O)C2C(C=C(C)C)C2(C)C)o1,1
CC(=O)OC1C(O)C2OC3C=C(C)C(=O)C(O)C3(CO)C1(C)C21CO1,0
CCN(CC)CCn1nc2c3c(c(CO)ccc31)Sc1cc(Cl)ccc1-2,1
O=CNc1nc(-c2ccc([N+](=O)[O-])o2)cs1,1
CC(C)CCCCCOC(=O)COc1ccc(Cl)cc1Cl,0
CCCCCCCCCCC=CC1CC(=O)OC1=O,0
O=[N+]([O-])c1ccccc1S(=O)(=O)O,0
CCN(CC)CCOc1ccc2c(c1)C(=O)c1cc(OCCN(CC)CC)ccc1-2,1
O=[N+]([O-])c1ccc2nc[nH]c2c1,1
CCCCC(CC)COC(=O)CCCCCCCCC(=O)OCC(CC)CCCC,0
CC(O)CCC(=O)c1ccoc1,0
C1COCCOCCOCCOCCO1,0
CC1CCC(NC(=O)N(CCCl)N=O)CC1,1
CN(C#N)N=O,1
O=C(O)CC(NC(=O)COc1ccc(Cl)cc1Cl)C(=O)O,0
N#CCCC(Br)(C#N)CBr,0
CC(C)(C)C(=O)C(Oc1ccc(Cl)cc1)n1ccnc1,0
CCN(C#N)N=O,1
O=C(O)C=Cc1ccc([N+](=O)[O-])o1,1
CC(=O)C1(O)Cc2c(O)c3c(c(O)c2C(OC2CC(N)C(O)C(C)O2)C1)C(=O)c1c(O)cccc1C3=O,1
CC1(C)C(C=C(Br)Br)C1C(=O)OC(C#N)c1cccc(Oc2ccccc2)c1,0
Cc1cc(-c2cc(C)c(N)c(C)c2)cc(C)c1N,0
CC(C)c1ccc(OP(=O)(Oc2ccccc2)Oc2ccccc2)cc1,0
CC(O)CN(C)c1ccc(NN)nn1,1
CC(=O)c1cc(N)ccc1OCC(O)CNC(C)(C)C,0
CCCCN(COC(C)=O)N=O,1
CCN(CC)C(=O)Nc1ccc(OCC(O)CNC(C)(C)C)c(C(C)=O)c1,0
CC(=O)c1cc(NC(=O)NC(C)(C)C)ccc1OCC(O)CNC(C)(C)C,0
CCc1cccc2cc(C(O)CNC(C)(C)C)oc12,0
CC(=O)OC(C)CN(CC(C)OC(C)=O)N=O,1
CC(=O)CN(CC(C)=O)N=O,1
Nc1ccc2c(c1)[nH]c1ccccc12,1
CC(=O)c1cc2c(cc1C)C(C)(C)C(C)C2(C)C,0
COc1cc(N)ccc1N,1
CCCCCCCCCCCCCC[N+](C)(C)Cc1ccccc1,0
CC(=O)c1cc2c(cc1C)C(C)(C)C(C)C2C(C)C,0
CC(C)(C)CCCCCC(=O)OCC1CO1,1
CCCCC(CC)COS(=O)(=O)O,0
OC(Cn1ccnc1)c1ccc(CCc2ccccc2)cc1,0
CCCC(=O)c1c2cccc(O)c2c(O)c2c(O)cccc12,1
C[N+](C)(C)NCCC(=O)O,0
O=C1OC(O)C(C(Cl)Cl)=C1Cl,1
COc1ccc(-c2noc(CC(=O)O)c2-c2ccc(OC)cc2)cc1,0
OCC(O)C(O)C(OC1OC(CO)C(O)C(O)C1O)C(O)CO,0
CC(C)NCC(O)COc1cccc2c1OCC(O[N+](=O)[O-])C2,0
NCC1CCC(C(=O)c2ccc(CCC(=O)O)cc2)CC1,0
CC1C(O)CCC2=CC(=O)C3(C4(CO)CO4)OC3C21C,1
COC(=O)C1=C(C)NC(C)=C(C(=O)OCC(C)=O)C1c1ccccc1[N+](=O)[O-],0
CCCn1cc2c3c(cccc31)C1CC(C)CN(C#N)C1C2,1
COC(=O)C1=C(C)NC(C)=C(C(=O)OCC=Cc2ccccc2)C1c1cccc([N+](=O)[O-])c1,0
CCc1cc(O)cc2c3c([nH]c12)C(CC)(CC(=O)O)OCC3,1
CCC1(CC(=O)O)OCCc2c1[nH]c1c(C(C)O)cccc21,0
CCCCCCCCCCCCCCCCN,0
CCOCn1cc(F)c(=O)n(C(=O)c2cccc(C(=O)Oc3nc(OC(=O)c4ccccc4)ccc3C#N)c2)c1=O,0
COCC(O)Cn1cc([N+](=O)[O-])nc1Cl,1
CCc1cccc2c3c([nH]c12)C(C)(CC)OCC3,0
CC(=O)c1cc(NC(=O)Nc2ccc(OCC(O)CNC(C)(C)C)c(C(C)=O)c2)ccc1OCC(O)CNC(C)(C)C,0
CCNCC#CC(C)(C)OC(=O)C(O)(c1ccccc1)C1CCCCC1,0
N#Cc1c(Cl)cccc1Cl,0
Cc1ccc(N(CCCl)CCCl)cc1,0
CCCCC(CC)COP(=O)(Oc1ccccc1)Oc1ccccc1,0
CCCCCC(=O)OC1(C(C)=O)CCC2C3CCC4=CC(=O)CCC4C3CCC21C,0
O=P(O)(O)OCC(O)CO,0
Cc1cc([N+](=O)[O-])cc([N+](=O)[O-])c1O,0
ClC1(Cl)C2(Cl)C3(Cl)C4(Cl)C(Cl)(Cl)C5(Cl)C3(Cl)C1(Cl)C5(Cl)C24Cl,0
C(CCOCC1CO1)COCC1CO1,1
CCCCOCC1CO1,1
CCN(CC)C(=O)Cc1ccccc1,0
C=CCCCCCCCCCCC,0
C=CC(=O)OCCN(C)C,0
Clc1cncc(Cl)c1,0
CCCCC(CC)COCC1CO1,1
CCCCC(CC)COC(=O)c1ccc(C(=O)OCC(CC)CCCC)c(C(=O)OCC(CC)CCCC)c1,0
BrCC(Br)C1CCC(Br)C(Br)C1,0
CC(Cl)CN(C)C,1
CC12CCC(C1)C(C)(C)C2=O,0
Cn1c([N+](=O)[O-])cnc1COC(N)=O,1
CC(C)=CC1C(C(=O)OCN2C(=O)C3=C(CCCC3)C2=O)C1(C)C,1
CC1=CC2OC3C(O)CC(C)(C34CO4)C2(CO)C(O)C1=O,0
NC(=O)CN1CC(O)CC1=O,0
COC(=O)C1=C(C)NC(COC(N)=O)=C(C(=O)OC(C)C)C1c1cccc(Cl)c1Cl,0
C(=C/c1ccccc1)\c1ccccc1,0
O=c1oc2cc(O)ccc2c2oc3cc(O)ccc3c12,0
CC1CC(OC(=O)c2ccccc2O)CC(C)(C)C1,0
O=C(OCC1CO1)C1CCCCC1C(=O)OCC1CO1,1
C[C@@H](O)C(=O)O,0
c1ccccc1,0
Oc1ccc(Cl)cc1Sc1cc(Cl)ccc1O,0
CC(=O)C1C(=O)C=C(C)OC1=O,0
CC(O)c1ccccc1,0
OC[C@H]1O[C@@H](n2cnc3c(S)ncnc32)[C@H](O)[C@@H]1O,1
O=C1c2ccccc2CCc2ccccc21,0
BrCCCCCBr,1
O=[N+]([O-])c1ccc(CCO)cc1,1
CN(C)CC/C=C1\c2ccccc2COc2ccccc21,0
C=CCOC(=O)CCCCCCCC,0
O=[N+]([O-])c1ccccc1CCl,1
N[C@H](Cc1c[nH]c2ccccc12)C(=O)O,0
O=[N+]([O-])c1cc(N(CCO)CCO)ccc1NCCO,1
COP(=O)(OC)O/C(=C\Cl)c1cc(Cl)c(Cl)cc1Cl,0
CCCCOC(=O)/C=C\C(=O)OCCCC,0
Oc1cccc(Nc2ccccc2)c1,0
CC(C)(C)C(=O)C1C(=O)c2ccccc2C1=O,0
Oc1ccc(C2(c3ccc(O)cc3)CCCCC2)cc1,0
Clc1nnc(Cl)c2ccccc12,0
C/C=C/C=C/CCCCCCCO,0
c1ccc(-c2ccc(-c3ccccc3)cc2)cc1,0
CC(C)OC(=O)Cc1ccccc1,0
CCCCCCCCC1CO1,0
CCCCCCCCCCCCCCC1CO1,0
OCC(Br)=C(Br)CO,1
Nc1cc(S(=O)(=O)O)ccc1O,0
O=C(O)C1C(C(=O)O)C2(Cl)C(Cl)=C(Cl)C1(Cl)C2(Cl)Cl,0
c1ccc2cc3c4ccccc4c4ccccc4c3cc2c1,1
OCC1CCCO1,0
Nc1nc(N)nc(Cl)n1,0
CC1CCC(C(C)CS)CC1S,0
NC1CCC(CC2CCC(N)CC2)CC1,0
O=C(O)CC(Cl)C(=O)O,0
Nc1ccc(N)c(Cl)c1,1
CCCC(=O)Cl,1
CN(C)c1ccc(C2(c3ccc(N(C)C)cc3)OC(=O)c3cc(N(C)C)ccc32)cc1,0
CC(=O)OC/C=C(C)/C=C/C=C(C)/C=C/C1=C(C)CCCC1(C)C,0
CCCCCC(N)=O,0
O=C1CCc2ccccc2O1,0
O=[N+]([O-])c1ccccc1C(F)(F)F,0
NCCc1cc(O)c(O)cc1O,1
Nc1cc([N+](=O)[O-])ccc1C(=O)O,1
C=CC1CC=CCC1,0
O=C(O)c1ccccc1[N+](=O)[O-],1
O=P(Oc1ccccc1)(Oc1ccccc1)Oc1ccccc1,0
CCCCCCCCCCC1CO1,0
Cc1ccc([N+](=O)[O-])c(N)c1,0
Brc1ccc(Oc2cc(Br)c(Br)cc2Br)c(Br)c1,0
c1cc2c3c(c1)ccc1cccc(c13)C2,1
Cc1ccc(S(=O)(=O)NC2CCCCC2)cc1,0
CCOC(=O)C(Cl)C(C)=O,0
c1ccc2c(c1)CCCC2,0
COC(=O)CCCC(=O)OC,0
COC(=O)COc1ccc(Cl)cc1Cl,0
CCCCCCCCCCCCOCC1CO1,0
CC(C)(Cl)Cl,0
CC(O)COC(C)(C)C,1
CCCCCCCCCC,0
O=C1NC(=O)C2CC=CCC12,0
CCCCC(CC)COC(=O)c1ccc(C(=O)OCC(CC)CCCC)cc1,0
O=[N+]([O-])c1ccc(F)c([N+](=O)[O-])c1,1
CCCCCCCCCCCCC1CO1,0
C=CC(=O)OCCCCCC,0
CC1CCC(=O)C1=O,0
CCCCCCCCCCCCOCCO,0
C=C(C)C1CC=C(C)C(OC(C)=O)C1,0
C=CCCCCCCCCCCCC,0
COc1ccc(CCC(=O)c2c(O)cc(O[C@@H]3O[C@H](CO)[C@@H](O)[C@H](O)[C@H]3O[C@@H]3O[C@@H](C)[C@H](O)[C@@H](O)[C@H]3O)cc2O)cc1O,0
CC1CCc2c(N3CCC(O)CC3)c(F)cc3c(=O)c(C(=O)O)cn1c23,0
Cc1ccc2c(c1)C(=O)c1ccccc1C2=O,0
COC(C)CCO,0
NCc1cccc(CN)c1,0
CCCCCCCCCC=CCC1CC(=O)OC1=O,0
Cc1cccc2c1ccc1ccccc12,1
CC12CCC(C(=O)C1=O)C2(C)C,0
Cc1cc(Nc2ccc(O)cc2)ccc1N,1
CC[C@H](CC[C@@H](C)[C@H]1CC[C@H]2[C@@H]3CC=C4C[C@@H](O)CC[C@]4(C)[C@H]3CC[C@@]21C)C(C)C,0
CC(=O)OCN=[N+](C)[O-],0
C=CC(OC(C)=O)c1ccc2c(c1)OCO2,1
Nc1nc(-c2ccc([N+](=O)[O-])o2)cs1,1
C/C(=C(\CCOC(=O)c1ccccc1)SC(=O)c1ccccc1)N(C=O)Cc1cnc(C)nc1N,0
Clc1ccc2c(c1)Oc1ccc(Cl)cc1O2,0
O=C1NC(c2ccc([N+](=O)[O-])s2)Nc2ccccc21,1
COc1cc(O)c2c(=O)c3c(OC)cc4c(c3oc2c1OC)C1C=COC1O4,1
CCN=[N+]([O-])CC,0
CC[N+]([O-])=NC,0
CCCCCCN(N=O)C(N)=O,1
C=CC(O)c1ccc2c(c1)OCO2,0
C=C(C)C,0
CCN=[N+](C)[O-],0
N/C(=N\O)c1ccc([N+](=O)[O-])o1,1
CC(=O)Nc1nnc(-c2ccc([N+](=O)[O-])o2)s1,1
CCC(CC)[N+](=O)[O-],0
CC1CN(N=O)C(=O)NC1=O,1
CC(O)CN(CC(O)CO)N=O,1
O=NN1CCC(O)C1,1
CC(O)CN(C)N=O,1
CC(=O)CN(C)N=O,1
O=NN1CCSCC1,1
OCCN(CCO)c1nc(-c2cccs2)nc2ccccc12,0
O=NN1CCCN(N=O)CC1,1
CN(CC(O)CO)N=O,1
O=C(Nc1nc(-c2ccc([N+](=O)[O-])o2)cs1)C(F)(F)F,1
O=[N+]([O-])c1cc(C(O)=Nc2cccc(Br)c2)cs1,1
Nc1ccc(C=Cc2ccc([N+](=O)[O-])cc2)cc1,1
O=[N+]([O-])c1cc([N+](=O)[O-])c(Cl)c([N+](=O)[O-])c1,1
COc1ccc(N(CCCl)CCCl)c2cc([N+](=O)[O-])oc12,1
O=[N+]([O-])c1cc([N+](=O)[O-])c2cccc3c2c1-c1ccccc1-3,1
CN(C)CCCN=c1c2ccccc2[nH]c2c(Cl)ccc([N+](=O)[O-])c12,1
O=[N+]([O-])c1cc(C(O)=Nc2ccccc2F)cs1,1
Cn1c([N+](=O)[O-])cnc1C1NC(CO)(CO)CO1,1
COC(=O)C(=Cc1ccc([N+](=O)[O-])o1)[N+](=O)[O-],1
COC(=O)C(C#N)=Cc1ccc([N+](=O)[O-])o1,1
O=C(O)C=Cc1cccc([N+](=O)[O-])c1,1
O=[N+]([O-])c1cc(C(O)=Nc2ccccc2Br)cs1,1
O=[N+]([O-])c1cccc2c[nH]nc12,1
O=[N+]([O-])c1cc2c(ccc3cc(N(CCCl)CCCl)ccc32)o1,1
O=[N+]([O-])c1ccc(C=Cc2ccc(Cl)cc2)cc1,1
O=[N+]([O-])c1ccc(-c2ccccc2[N+](=O)[O-])c([N+](=O)[O-])c1,1
O=[N+]([O-])c1ccc(N=Nc2ccc(N(CCO)CCO)cc2)c([N+](=O)[O-])c1,1
Nc1cc([N+](=O)[O-])c(N)cc1Cl,1
O=Nc1ccc2ccc3ccc([N+](=O)[O-])c4ccc1c2c34,1
COC(O)=Nc1nc2ccc(C(=NO)c3ccc(F)cc3)cc2[nH]1,1
CN(C)CCCN=c1c2ccccc2[nH]c2c(F)ccc([N+](=O)[O-])c12,1
O=[N+]([O-])c1cc([N+](=O)[O-])c2c([N+](=O)[O-])cc([N+](=O)[O-])cc2c1,1
O=[N+]([O-])c1ccc(C=CC(O)=NN=Cc2ccc([N+](=O)[O-])o2)o1,1
CN(C)CCCN=c1c2ccccc2[nH]c2ccc([N+](=O)[O-])cc12,1
O=[N+]([O-])c1ccc(C=C=[N+]([O-])O)o1,1
O=[N+]([O-])c1ccc2ccc3ccc([N+](=O)[O-])c4ccc1c2c34,1
O=[N+]([O-])c1ccc2c3cccc4ccc([N+](=O)[O-])c(c5cccc1c25)c43,1
O=[N+]([O-])c1c(-c2ccc(Cl)cc2)nc2sccn12,1
O=[N+]([O-])c1ccccc1SSC(Cl)=C(Cl)C(F)(F)F,1
O=[N+]([O-])c1cc(C(O)=Nc2cccc(Cl)c2)cs1,1
N#Cc1cccc(C=Cc2ccc([N+](=O)[O-])cc2)c1,1
O=[N+]([O-])c1ccc(CO)c([N+](=O)[O-])c1,1
O=NN(c1ccc([N+](=O)[O-])cc1)C1OCC(O)C(O)C1O,1
N=C(O)c1csc([N+](=O)[O-])c1,1
O=C(O)CC=[N+]([O-])O,1
CC(C)CN=C(O)C=Cc1ccc([N+](=O)[O-])o1,1
O=[N+]([O-])c1ccc(C=Cc2ccccc2)cc1,1
N#[N+]c1ccc([N+](=O)[O-])cc1,1
NNc1ccc([N+](=O)[O-])cc1,1
CN(C)CCCN=c1c2ccccc2[nH]c2cc([N+](=O)[O-])ccc12,1
O=[N+]([O-])c1cc(C(O)=Nc2ccccc2[N+](=O)[O-])cs1,1
CC(C)OC(=O)C=Cc1ccc([N+](=O)[O-])o1,1
O=CC=Cc1ccccc1[N+](=O)[O-],1
O=[N+]([O-])c1cccc(-c2ccc([N+](=O)[O-])cc2[N+](=O)[O-])c1,1
O=[N+]([O-])c1ccc2c(c1)[nH]c1ccccc12,1
O=[N+]([O-])c1ccc2nc3c([N+](=O)[O-])cccc3nc2c1,1
O=[N+]([O-])c1ccc2c3c4c(cccc4c4ccccc4c13)C1OC21,1
COc1ccc2oc([N+](=O)[O-])cc2c1N(CCCl)CCCl,1
O=[N+]([O-])c1c2c(cc3ccccc13)C(O)C(O)C=C2,1
O=[N+]([O-])c1ccc(C=Cc2cccc([N+](=O)[O-])c2)cc1,1
Cn1ccsc1=[N+]=Nc1c(-c2ccccc2)n(C)c2ccccc12,1
O=[N+]([O-])c1ccc2c(c1)Cc1cc([N+](=O)[O-])ccc1-2,1
O=[N+]([O-])c1ccc(NO)cc1,1
O=[N+]([O-])c1ccc2ccc3cccc4c3c2c1C1OC41,1
O=[N+]([O-])C1=Cc2c3c1cccc3cc1ccc3ccccc3c21,1
N=C(O)C=Cc1ccc([N+](=O)[O-])o1,1
O=[N+]([O-])c1cc2c(ccc3ccccc32)c2c1C=CC(O)C2O,1
CCCOC(=O)C=Cc1ccc([N+](=O)[O-])o1,1
CCCCN=C(O)C=Cc1ccc([N+](=O)[O-])o1,1
Cc1cccc(N=C(O)c2csc([N+](=O)[O-])c2)c1,1
Nc1ccc(-c2ccc([N+](=O)[O-])cc2)cc1,1
O=[N+]([O-])c1ccc(C=Cc2ccc([N+](=O)[O-])cc2)cc1,1
O=[N+]([O-])c1ccc2c(O)nsc2c1,1
O=C(O)C=Cc1ccc([N+](=O)[O-])cc1,1
CCN(CC)c1ccc2nc3c4ccccc4c(=[NH2+])cc-3oc2c1,1
O=C(Cl)c1cc([N+](=O)[O-])cc([N+](=O)[O-])c1,1
Nc1cc2c(cc1[N+](=O)[O-])[nH]c1ccccc12,1
O=C(CBr)c1oc([N+](=O)[O-])c(-c2ccccc2)c1-c1ccccc1,1
CCC(C)N=C(O)C=Cc1ccc([N+](=O)[O-])o1,1
CCCCOC(=O)C=Cc1ccc([N+](=O)[O-])o1,1
CC1CN=C(O)N1c1ncc([N+](=O)[O-])s1,1
CC(=O)c1oc([N+](=O)[O-])c(Cl)c1Cl,1
Cc1ccccc1N=C(O)c1csc([N+](=O)[O-])c1,1
O=[N+]([O-])c1cc2cc3ccc4cccc5ccc(c2o1)c3c45,1
O=[N+]([O-])c1ccc2c3ccccc3c3cccc4ccc1c2c43,1
CCCC(=O)OCc1ccc([N+](=O)[O-])cc1,1
C[N+](C)(C)CCNCCc1ccc(N=Nc2ccc([N+](=O)[O-])cc2Cl)cc1,1
O=[N+]([O-])c1ccc2c3ccccc3c3c([N+](=O)[O-])ccc4ccc1c2c43,1
COc1cc([N+](=O)[O-])ccc1N=C(C)O,1
Cn1c2cccc(=[NH2+])c-2cc2ccccc21,1
O=C(C=Cc1ccccc1)c1ccc([N+](=O)[O-])cc1,1
O=C(O)c1cc([N+](=O)[O-])cc([N+](=O)[O-])c1,1
CN(C)c1ccc(C=Cc2ccc([N+](=O)[O-])cc2)cc1,1
O=[N+]([O-])c1ccc(OC2CO2)cc1,1
O=[N+]([O-])c1ccc2ccc3c4c(cc5ccc1c2c53)CCCC4,1
O=c1cc(-c2ccccc2)cc(-c2ccccc2)n1N=Cc1ccc([N+](=O)[O-])o1,1
CCc1cccc(N=C(O)c2csc([N+](=O)[O-])c2)c1,1
O=[N+]([O-])c1ccc2c(c1)CCc1ccccc1-2,1
O=C(C=Cc1ccc([N+](=O)[O-])cc1)c1ccc([N+](=O)[O-])cc1,1
CC1(c2ccc([N+](=O)[O-])cc2)CO1,1
O=[N+]([O-])c1ccccc1SSC(Cl)=C(Cl)C(Cl)=C(Cl)Cl,1
COc1nsc2cccc([N+](=O)[O-])c12,1
CCc1ccc(NC(=O)c2csc([N+](=O)[O-])c2)cc1,1
O=CC=Cc1ccc([N+](=O)[O-])o1,1
O=[N+]([O-])c1ccc2c(c1)CC=C2,1
O=Nc1ccc2ccc3c([N+](=O)[O-])ccc4ccc1c2c43,1
CCc1ccccc1N=C(O)c1csc([N+](=O)[O-])c1,1
Nc1cc([N+](=O)[O-])cc([N+](=O)[O-])c1,1
COc1ccc([N+](=O)[O-])c2c(=NCCCN(C)C)c3ccccc3[nH]c12,1
O=[N+]([O-])c1cc2ccc3cccc4ccc(c1)c2c34,1
O=[N+]([O-])c1ccc2ccc3nc4ccccc4c4ccc1c2c34,1
COc1ccccc1N=C(O)c1csc([N+](=O)[O-])c1,1
O=[N+]([O-])c1ccc2cc3ccccc3cc2c1,1
COC(=O)C(C)=Cc1ccc([N+](=O)[O-])o1,1
O=c1oc2cc([N+](=O)[O-])ccc2c2ccccc12,1
O=[N+]([O-])c1ccc(C=Cc2cccc(Cl)c2)cc1,1
CN(C)CCCN=c1c2ccccc2[nH]c2c(N(CCO)CCO)ccc([N+](=O)[O-])c12,1
Cc1ccc(NC(=O)c2csc([N+](=O)[O-])c2)cc1,1
COC(=O)C=Cc1ccc([N+](=O)[O-])o1,1
O=[N+]([O-])c1ccc2c3cccc4cccc(c5cccc1c52)c43,1
O=[N+]([O-])c1ccc2c(ccc3cc([N+](=O)[O-])ccc32)c1,1
CCN=C(O)C=Cc1ccc([N+](=O)[O-])o1,1
O=[N+]([O-])c1cc(O)c2ccc3cccc4ccc1c2c34,1
O=[N+]([O-])c1ccc2c(O)cc3cccc4ccc1c2c43,1
Nc1ccc2ccc3ccc([N+](=O)[O-])c4ccc1c2c34,1
COC(O)=NN=Cc1c[n+]([O-])c2ccccc2[n+]1[O-],1
O=Cc1ccc([N+](=O)[O-])o1,1
COC(=O)c1ccc([N+](=O)[O-])c2c(=NCCCN(C)C)c3ccccc3[nH]c12,1
Cc1c(N)cc([N+](=O)[O-])c(N)c1C,1
O=C(OCC1CO1)c1ccc([N+](=O)[O-])cc1,1
O=[N+]([O-])c1ccc2c(ccc3cc4c(ccc5ccccc54)cc32)c1,1
O=C(c1ccc([N+](=O)[O-])cc1)C1OC1c1ccccc1,1
O=[N+]([O-])c1ccc(-c2nc3sccn3c2[N+](=O)[O-])cc1,1
N=C(NO)c1ccccc1,1
Cn1c([N+](=O)[O-])cnc1-c1n[nH]c(=N)s1,1
Nc1ncnc2nc(-c3ccc([N+](=O)[O-])cc3)[nH]c12,1
C=C(C)C(=O)N[N+](C)(C)CC(C)O,0
CCOc1ccc(N=[N+]([O-])c2ccc(OCC)cc2)cc1,0
O=C(O)C=Cc1ccccc1[N+](=O)[O-],0
CCC(CO)=[N+]([O-])O,0
CCC(C)=[N+]([O-])O,0
CC=[N+]([O-])O,0
[O-][N+](=Nc1ccc2c(c1)Cc1ccccc1-2)c1ccc2c(c1)Cc1ccccc1-2,0
N=C(O)NN=CC(=O)O,0
O=C(C=Cc1ccccc1[N+](=O)[O-])c1ccccc1,0
CCCCCC=[N+]([O-])O,0
O=[N+]([O-])c1cccc(CO)c1,0
O=C(c1ccccc1)C1OC1c1ccc([N+](=O)[O-])cc1,0
[O-][N+](O)=C=Cc1ccco1,0
O=[N+]([O-])c1ccccc1CBr,0
O=[N+]([O-])c1c2ccccc2c([N+](=O)[O-])c2ccccc12,0
C=[N+]([O-])O,0
CC(O)=Nc1ccc([N+](=O)[O-])cc1,0
[NH-]C(=O)c1cc[n+](COC[NH+]2C=CC=CC2=C[NH+]=O)cc1,0
Cc1ccc(N=[N+]([O-])c2ccc(C)c([N+](=O)[O-])c2)cc1[N+](=O)[O-],0
CCCC=[N+]([O-])O,0
O=[N+]([O-])c1ccc(CNc2nc[nH]c3ncnc2-3)cc1,0
O=[N+]([O-])c1ccc(N=Nc2ccc(O)cc2O)cc1,0
O=[N+]([O-])c1ccc(-[n+]2nc(-c3ccccc3)nn2-c2ccc(I)cc2)cc1,0
O=C(C=Cc1cccc([N+](=O)[O-])c1)c1ccccc1,0
[O-][N+](=Nc1ccc(Cl)c(Cl)c1)c1ccc(Cl)c(Cl)c1,0
O=C1c2ccccc2C(=[N+]([O-])O)c2ccccc21,0
CC(O)=Nc1ccc(C(=O)C=Cc2ccccc2)cc1,0
CCC=[N+]([O-])O,0
[O-][n+]1c2ccc3ccccc3c2cc2c3ccccc3ccc21,0
CCc1ccc([N+](=O)[O-])cc1,0
[O-][n+]1cccc2cccc(O)c21,0
O=[N+]([O-])c1ccc(CNc2ncnc3c2ncn3C2OC(CO)C(O)C2O)cc1,0
NC(Cc1ccc(O)c([N+](=O)[O-])c1)C(=O)O,0
CC(C)CC(=O)Nc1snc2ccccc12,0
Cc1cc2c(nc(N)n2C)c2ncc(-c3ccccc3)nc12,1
CC(C)[C@@H]1CC[C@H](C)[C@@H]2CC[C@H](C)C[C@@H]12,1
ClCC1(C(Cl)Cl)C2CC(Cl)(Cl)C1(C(Cl)Cl)CC2(Cl)Cl,0
Cc1cc(O)c2c(c1)C(=O)c1c(c(O)cc(O)c1-c1c(O)cc(O)c3c1C(=O)c1cc(C)cc(O)c1C3=O)C2=O,0
C=C(C)C(=O)OCCCCC,0
CC(C)=CCc1ccc(O)c2c(=O)c3c(O)c4c(cc3oc12)OC1OC=CC41O,1
O=[N+]([O-])c1c2c(cc3ccccc13)C=CC(O)C2O,0
CS(=O)(=O)Nc1ccc(Nc2c3ccc([N-][N+]#N)cc3nc3ccc([N-][N+]#N)cc23)cc1,0
N#[N+][N-]CC(O)C(O)C(O)C(O)C=O,1
c1ccc2cc3c(ccc4cccnc43)cc2c1,1
O=C(O)/C=C/c1ccc(Cl)cc1,0
CNCc1ccc(CSCCN=C(NC[C@H](O)c2ccc(O)cc2)NS(C)(=O)=O)o1,0
Nc1nc2cc(Cl)c(Cl)cc2s1,0
Clc1ccnc2ccccc12,1
Cc1ccc(S(=O)(=O)NC(=O)Nc2ncc([N+](=O)[O-])s2)cc1,0
CCCCON(OC(C)=O)C(=O)c1ccc(C(C)(C)C)cc1,1
COc1cc(CC2CO2)ccc1O,1
Cc1c2ccccc2cc2c3c(ccc12)C(O)C(O)C1OC31,1
COc1ccn(CC(O)C[N-][N+]#N)c(=O)n1,1
c1ccc2c(c1)cc1c3c2ccc2cccc(c23)C1,1
Cc1cnc2c(ccc3c2nc(N)n3C)n1,1
COc1cc2c(c3oc4cccc(O)c4c(=O)c13)[C@@H]1C=CO[C@H]1O2,1
CN1CCc2cc3c(c4c2C1Cc1ccccc1-4)OCO3,1
CC(=O)OC[C@H](O)CO,1
N#[N+][N-]CC(O)Cn1ncc2c(N)ncnc21,1
CC(=O)OC1Cc2ccc3ccc4cccc5cc1c2c3c45,1
CNC(=O)/C=C/c1ccc([N+](=O)[O-])o1,1
Cc1ccc2cc3c(ccc4ccccc43)c3c2c1C(O)C3,0
NC(CCC(=O)NC(CSC(=O)NCCCl)C(=O)NCC(=O)O)C(=O)O,1
C1CCCCCC2OC2CCCC1,0
CC(=O)OCc1c2ccccc2cc2ccc3ccccc3c12,1
O=[N+]([O-])c1ccccc1SS/C(Cl)=C(\Cl)C(Cl)=C(Cl)Cl,1
CC1c2cc(F)ccc2-c2ccc(F)cc21,1
Nc1ccc2ccc3ccccc3c2c1,1
CC1CC2c3cc(Br)cc4c3c(cn4CC3CC3)CC2N(C)C1,0
CC(=O)O[C@@H](c1ccc2c(c1)OCO2)[C@@H]1CO1,1
Nc1c2ncn(C(c3ccccc3)(c3ccccc3)c3ccccc3)c2nc[n+]1[O-],1
COc1ccccc1NC(=O)C(N=Nc1ccc(-c2ccc(N=NC(C(C)=O)C(=O)Nc3ccccc3OC)c(Cl)c2)cc1Cl)C(C)=O,0
CCc1c2ccccc2cc2ccc3ccccc3c12,0
OC1C=Cc2c(c3ccccc3c3cc4ccccc4cc23)C1O,1
CC(Br)C(=O)Nc1ccccc1,1
CNCCN(Cc1ccc(OC)cc1)c1ccccn1,0
CC/C=C/C=C/C=C/C=C/C=C/OCC(O)CO,1
CS(=O)(=O)Nc1ccc(Nc2c3ccccc3nc3ccccc23)cc1,1
COC(=O)C(C)C[N-][N+]#N,1
CSCCC(=O)N1C(C(=O)O)CSC1c1ccccc1O,0
N#[N+][N-]CC1OC(O)C(O)C(O)C1O,1
O=c1c(Cl)c(Cl)cnn1S(=O)(=O)c1ccc(Cl)cc1,0
Cc1cc2c3ccccc3cc3ccc4cccc1c4c32,1
ClC1=C(Cl)[C@]2(Cl)[C@@H]3[C@@H](Cl)C=C[C@H]3[C@@]1(Cl)C2(Cl)Cl,0
O=C(/N=c1\sn(C(=O)c2cccc([N+](=O)[O-])c2)c2ccc([N+](=O)[O-])cc12)c1cccc([N+](=O)[O-])c1,1
C1=Cc2c(ccc3c2ccc2ccccc23)C1,1
CCc1c2ccccc2c(C)c2c1ccc1ccccc12,0
O=C(O)Cc1ccccc1Cl,0
CC1(C)CC(C(=O)NC(CO)C(O)CO)C(C)(C)[N+]1=O,0
CCCCCCCCON(OC(C)=O)C(=O)c1ccccc1,1
CCN(CC)c1ccc([N+]#N)cc1,1
CC1(C)CC(C(N)=O)C(C)(C)N1O,0
OCc1cc2ccccc2c2ccc3ccccc3c12,1
Cc1c2ccccc2c(COS(=O)(=O)O)c2ccccc12,1
Cc1ccc(-c2nc3ccccc3o2)cc1,0
CCCCOC[C@H]1CO1,1
CCN(CC)c1ccc(N=Nc2ccc([N+](=O)[O-])cc2C#N)cc1,1
Cc1c2c(cc3ccccc13)-c1ccccc1C1OC21,1
CCc1cc(-c2ccccc2)cc(CC)c1N,0
C[C@H]1CN(N=O)C[C@@H](C)N1N=O,1
O=C(/C=C\c1ccc(O)c(O)c1)O[C@@H]1C[C@](O)(C(=O)O)C[C@H](O)[C@H]1O,0
CC1=C(/C=C\C(C)=C\C=C/C(C)=C\C=O)C(C)(C)CCC1,1
Nc1ccc(NC(=O)c2ccc(C(=O)O)cc2)cc1,0
N#Cc1cccc2c([N+](=O)[O-])cccc12,1
Cc1cc2nc3c(ccc4ccccc43)c(C)c2cc1C,1
CCCCC(C)C(OC(=O)CC(CC(=O)O)C(=O)O)C(CC(C)CCCCCCC(O)CC(O)C(C)N)OC(=O)CC(CC(=O)O)C(=O)O,0
OC1C=Cc2cc3c(ccc4ccccc43)c(Cl)c2C1O,0
O=[N+]([O-])c1cc2cccc([N+](=O)[O-])c2c2ccccc12,1
N=c1ccn2c(n1)O[C@@H]1[C@@H]2O[C@H](CO)[C@H]1O,0
CCC(=O)OCc1ccccc1[N+](=O)[O-],0
O=S(=O)(Nc1ccccc1Cl)c1cccc2cccnc12,0
CC(C)(C)NCC(O)COc1ccccc1C1=CCCC1,0
C/C=C/CC#N,0
C1=CC23CCCC2(C=C1)O3,1
CCOCCOC(=O)c1cc(Cc2ccc(N)c(C(=O)OCCOCC)c2)ccc1N,0
CCC1(C)CO1,0
C1O[C@H]1[C@@H]1CC[C@@H]2O[C@@H]2C1,1
CN(C)CCNC(=O)c1cccc2c(=O)c3ccccc3sc12,1
CCOC(=O)c1c2c(nn[n+]1[O-])c1ccccc1n2C,1
Nc1nc(=O)n(C2CC(O)C(CO)O2)cc1I,0
CCCCCCCCCC(=O)/N=c1\sn(C(=O)CCCCCCCCC)c2ccc([N+](=O)[O-])cc12,1
COc1ccc(-c2nc(-c3ccc(C)cc3C)[nH]c2-c2ccc(OC)cc2)cc1,1
COc1cccc2c(NCCCNCCCl)c3ccccc3nc12,1
CC(=O)Oc1ccccc1C(=O)Oc1ccccc1C(=O)O,0
COP(=O)(OC)O/C(=C\Br)c1ccc(Cl)cc1Cl,0
CCCCCCCC[C@H]1CO1,0
CC(=O)OCc1c(O)cc2c(c1O)C(=O)c1ccccc1C2=O,1
COC(=O)/C(=C/c1ccc([N+](=O)[O-])o1)[N+](=O)[O-],1
Cc1[nH]c2c(c3nc4ccccc4c1-3)C(=O)C(N1CCN(C)CC1)=CC2=O,1
CCCOC(=O)c1cc(Cc2ccc(N)c(C(=O)OCCC)c2)ccc1N,0
CC(C)(Oc1ccc([C@H]2CCCc3ccccc32)cc1)C(=O)O,0
CCCC/C=C/C=C/C=C/C=C/C=C/OCC(O)CO,1
CC1C=C(C=O)C(C=O)=CC2CC(C)(C)CC12,0
CCC(=O)N(O)c1ccc(-c2ccccc2)cc1,1
COCc1c(O)cc2c(c1O)C(=O)c1ccccc1C2=O,1
NC(=O)CN1C[C@H](O)CC1=O,0
CCNC(=O)/C=C/c1ccc([N+](=O)[O-])o1,1
COc1ccc2[nH]c3c(C)cc(N)c(C)c3c2c1,1
Oc1ccc2cc3c4ccccc4c4ccccc4c3cc2c1,1
O=C(O)C1(O)C[C@H](O)C(O)[C@H](O)C1,0
CN1CC(O)c2cc3c(c4c2C1Cc1ccccc1-4)OCO3,1
Cc1ccc2cc3c(ccc4ccccc43)c3c2c1C[C@@H]3O,1
Cc1cc(C)c(N)c(C)c1N,1
CC(C)(C)OCO,0
OC1c2c(ccc3ncccc23)C2OC2C1O,0
CN(Cc1ccc(Br)cc1)N=O,1
Oc1ccc2ccc3c4ccccc4ccc3c2c1,1
Cc1cc(-c2ccc(N=Nc3cc(S(=O)(=O)O)c4ccccc4c3N)c(C)c2)ccc1N=Nc1cc(S(=O)(=O)O)c2ccccc2c1N,0
Nc1c2ncn(C(c3ccccc3)c3ccccc3)c2nc[n+]1[O-],1
N#[N+][N-]c1ccc2c(Nc3ccc(C(=O)O)cc3)c3ccccc3nc2c1,1
OC[C@@H]1CO[C@@H](CCI)O1,1
Brc1ccc2c(c1)C1OC1C1CCCCC21,0
CCCCCCCCCCCCCCCC(=O)OCC1(O)CC23CCC4c5ccoc5C=CC4(C)C2CCC1C3,0
O=C(O)c1cc(I)cc2cccnc12,0
O=S(=O)(Cc1ccccc1)N1C2c3ccccc3-c3ccccc3C21,1
O=NN1C(C(=O)O)CSC1C(O)C(O)C(O)C(O)CO,0
N#[N+][N-]CC(=O)O,0
O=[N+]([O-])c1ccc(Nc2[nH]cnc3ncnc2-3)cc1,0
CCC1=C(O)C(=O)c2c(O)c(O)c(O)c(O)c2C1=O,1
CCCCNc1snc2ccccc12,0
COC(=O)c1occ(-c2ccccc2)c1-c1ccccc1,0
c1ccc2cc3c(ccc4ccncc43)cc2c1,1
ClCc1c2ccccc2cc2ccccc12,1
CCCN(N=O)C(=N)N[N+](=O)[O-],1
CN(C)c1ccc(C2CC3(C)C(CCC3(O)CCCO)C3CCC4=CC(=O)CCC4=C23)cc1,0
c1ccc2c(c1)ccc1cc3cnccc3cc12,1
ClCc1cc2c3ccccc3cc3ccc4cccc1c4c32,1
[O-][n+]1cccc2c3c(ccc21)C(O)C(O)C1OC31,0
CC(C)CN(CC(C)C)CC(C)C,0
O=[N+]([O-])c1cc2c([nH]c3ccccc32)c([N+](=O)[O-])c1O,1
CC(Br)C(Br)COP(=O)(OCC(Br)C(C)Br)OCC(Br)C(C)Br,1
O=[N+]([O-])c1cc(C(F)(F)F)cc([N+](=O)[O-])c1O,0
O=[N+]([O-])c1cc(NS(=O)(=O)c2cccc3cccnc23)ccc1Cl,0
CCc1c(O)ccc2c3c([nH]c12)[C@](CC)(CC(=O)O)OCC3,1
CC(C)(C)OC(=O)O/N=C(\C#N)c1ccccc1,0
O=S1OC[C@H]2[C@H](CO1)[C@@]1(Cl)C(Cl)=C(Cl)[C@]2(Cl)C1(Cl)Cl,0
C[C@@H](O)[C@@H](N)[C@H](O)[C@H](O)C=O,0
COC(=O)C1Cc2c([nH]c3ccc([N+](=O)[O-])cc23)C(C)N1N=O,1
Nc1ccc2nc3cc(N)ccc3nc2c1,1
CN1CCc2c1ccc1ccc3ccc(O)cc3c21,1
CCc1ccnc2ccccc12,0
Fc1ccc(CCl)cc1,0
CC(CCC(=O)O)C1CCC2C3CCC4CC(O)CCC4(C)C3CC(=O)C12C,0
C=CC(=O)OCC(C)(C)COC(=O)C=C,0
COc1cc(NS(C)(=O)=O)ccc1Nc1c2ccccc2nc2cc([N-][N+]#N)ccc12,1
CC(=O)Nc1cccc2ncccc12,0
O=C(/C=C/c1ccccc1)c1ccccc1,0
C#CCOCC[n+]1ccccc1/C=N/O,0
CC(=O)Nc1cc2c(cc1O)-c1ccccc1C2,0
C=C(C)C(=O)OCCCCCOC(=O)C(=C)C,0
Cc1cc(C)c2ccccc2c1,0
C[N@+]1([O-])CCC[C@@H]1c1cccnc1,0
O=CNc1nc(/C=C\c2ccc([N+](=O)[O-])o2)cs1,1
Fc1cc2cccnc2c2cccnc12,1
O=[N+]([O-])c1ccc(NC2OCC(O)C(O)C2O)cc1,0
O=C(OCc1ccccc1[N+](=O)[O-])c1ccccc1,0
O=C1[C@@H]2CC=CC[C@H]2C(=O)N1SC(Cl)(Cl)Cl,1
O=C(O)C(F)(F)C(F)(Cl)C(F)(F)C(F)(Cl)C(F)(F)Cl,0
O=C1CCc2c3c(c4c(ccc5ccccc54)c21)CCC3,0
Nc1cnc2c(c1)nc1ccccn12,1
CC(=O)N(O)c1ccc(/C=C/c2ccccc2)cc1,1
CC(=O)Nc1cccc2cccnc12,1
C[C@H](CCl)OP(=O)(O[C@H](C)CCl)O[C@H](C)CCl,0
COC(O)=C1C(C)=NC(C)=C(C(=O)OC/C=C/c2ccccc2)[C@@H]1c1cccc([N+](=O)[O-])c1,0
Oc1ccc2c(c1)-c1ccc3ccc4cccc5cc-2c1c3c45,1
CC(CCC(=O)O)C1CCC2C3C(=O)CC4CC(O)CCC4(C)C3CCC12C,0
COc1cc(F)ccc1[N+](=O)[O-],1
CCC(=O)OCc1cccc([N+](=O)[O-])c1,0
Nc1ccnc2ccccc12,0
Cn1c(N)nc2nc3cnccc3cc21,1
O=C(CCCl)/N=c1\sn(C(=O)CCCl)c2ccccc12,0
Cc1ccc2nc3c4c(ccc3c(CO)c2c1)C(O)C(O)C=C4,1
O=C(/N=c1\sn(C(=O)c2ccc([N+](=O)[O-])cc2)c2ccc([N+](=O)[O-])cc12)c1ccc([N+](=O)[O-])cc1,1
CNc1ccc(Nc2c3ccccc3nc3ccccc23)cc1,1
O=C1OC(O)C(C(Br)Br)=C1Cl,1
COc1cc(O)cc2c1cc([N+](=O)[O-])c1c(C(=O)O)cc3c(c12)OCO3,0
O=C1c2ccccc2C(=O)c2c(O[C@@H]3O[C@H](CO)[C@@H](O)[C@H](O)[C@H]3O)ccc(O)c21,1
O=C1c2ccccc2-c2c1ccc1ccc3ccccc3c21,0
CC(C)Sc1cc(Cc2ccc(N)c(SC(C)C)c2)ccc1N,1
Cc1cc(C(O)c2ncc([N+](=O)[O-])n2C)c(O)c(C(C)(C)C)c1,0
CNC(=O)c1cccc(NCC(=O)NCCc2ccc(OC)c(OC)c2)c1,0
COc1cc(O)c2c(=O)c(O)c(-c3ccc(O)c(O)c3)oc2c1,1
COc1cc2c(c3ccc4ccccc4c13)CCC2=O,1
CCN(CC)[N+]([O-])=NO,1
CC12OOC1(CO)Oc1ccccc12,0
Nc1snc2ccc(Cl)cc12,1
COc1ccc2c(c1)-c1c(OC)c(OC)cc3ccnc(c13)C2=O,0
Cc1c(N)cccc1N=[N+]([O-])c1cccc(N)c1C,1
c1ccc2c(c1)ccc1cc3c(ccc4ccncc43)cc12,1
Cn1c(CC(=O)OCCCl)c(C(=O)O)c2ccccc21,1
Nc1cccc2c1Cc1ccccc1-2,1
COc1cc(N=Nc2ccccc2)ccc1[N+](=O)[O-],1
COc1cc2c3c(c1O)-c1cc4c(cc1CC3N(C)CC2)OCO4,0
COc1ccc(O)c2c(=O)c3c(OC)cc4c(c3oc12)C1CCOC1O4,0
CC(COC(=O)c1ccccc1)(COC(=O)c1ccccc1)COC(=O)c1ccccc1,0
CCCCN(N)CCCC,0
Nc1ccc(/C=C/c2ccc(N)cc2)cc1,1
Cc1c2ccccc2c2ccc3cccc4ccc1c2c43,1
CCc1cccc(CC)c1NC(C)=O,0
Nc1ccc(-c2cc(Cl)c(N)c(Cl)c2)cc1,1
CCOP(=O)(OCC)O/C(=C\Br)c1ccc(Cl)cc1Cl,0
C=C1CCC=C(C)CC[C@@H]2[C@H]1CC2(C)C,0
CC(C)CC[C@@H](C)Nc1ccc(N[C@H](C)CCC(C)C)cc1,0
CC(C)CC(NC(=O)COc1cc(Cl)c(Cl)cc1Cl)C(=O)O,0
OCc1ccc2ccc3cccc4ccc1c2c34,1
O=[N+]([O-])c1cc2ccccc2c2c([N+](=O)[O-])cccc12,1
O=[N+]([O-])c1ccc2c(c1)nc(/C=N/OCc1ccccc1[N+](=O)[O-])n2Cc1ccc(Cl)cc1Cl,1
N[C@H](Cc1ccc(N(CCCl)CCCl)cc1)C(=O)O,1
Cc1nc2c(ccc3ccc4ccc(O)cc4c32)[nH]1,1
COC1=CC(=O)c2c(nc(C)c3c2[nH]c2ccccc23)C1=O,1
C=C(C)[C@@H]1Cc2c(ccc3c2O[C@H]2COc4cc(OC)c(OC)cc4[C@@H]2C3=O)O1,0
CNC(=O)NO,0
[O-][n+]1cc2ncccc2cn1,0
c1ccc2c(c1)Cc1ccc3ccc4ccccc4c3c1-2,0
Cn1c([N-][N+]#N)nc2ccc3ccccc3c21,1
OC1c2ccc3nc4ccc5ccccc5c4cc3c2C2OC2C1O,1
C[C@@H]1OCCc2cc3c(cc21)C(C)(C)[C@@H](C)C3(C)C,0
CC1CCC(C(C)C)CC1,0
O=C1C(=O)c2ccccc2-c2ccccc21,0
ClCc1ccc2ccc3cc4ccccc4c4ccc1c2c34,0
COc1nncc2ncccc12,0
O=[N+]([O-])c1c2c(c3ccc4cccc5ccc1c3c45)CCC=C2,1
Cn1cnc(-c2ccccc2)c1N=O,1
c1ccc2c(c1)ccc1c3cccnc3ccc21,1
CC1(C)C(=O)[C@@]2(C)CC[C@@H]1C2,0
COc1nsc2ccc(N)cc12,1
O[C@H]1[C@H](O)c2cc3ccc4ccccc4c3cc2[C@@H]2O[C@@H]21,1
CC(=O)Nc1ccc(N=Nc2ccc(N(C)C)cc2)cc1,1
O=[N+]([O-])c1cccc2c1c([N+](=O)[O-])cc1cccc([N+](=O)[O-])c12,1
COc1ccc2cc3c4c(cc(OC)c(OC)c4c2c1)CCN3C,0
O=S(=O)(Nc1ccc(Cl)cc1)c1cccc2cccnc12,0
COC(=O)c1oc(N(OC(C)=O)C(C)=O)c(-c2ccccc2)c1-c1ccccc1,0
CC12OOC1(C)c1ccccc1O2,1
CC(C)(C)OC(=O)NC(C[N-][N+]#N)C(=O)O,1
N#Cc1cccc(/C=C/c2ccc([N+](=O)[O-])cc2)c1,1
OC[C@H](O)[C@@H](O)[C@H](O[C@H]1O[C@H](CO)[C@@H](O)[C@H](O)[C@H]1O)[C@H](O)CO,0
Cc1cc2c(c3cc4ccccc4cc13)C=CC(O)C2O,1
CCCCC1CO1,0
C[C@H]1C[C@@H](C)C(=O)[C@@H]([C@@H](O)CC2CC(=O)NC(=O)C2)C1,0
C1COCC2(C1)CO2,1
Cc1c2ccccc2cc2c3c(ccc12)[C@@H](O)[C@H](O)C=C3,1
C=CCCCCCCCCC,0
COc1cccc2c1C1(C)OOC1(C)O2,1
Cc1cnc2cc3nc(N)n(C)c3c(C)c2n1,1
Cn1c([N-][N+]#N)nc2ncc(-c3ccccc3)cc21,1
CC(=O)N(Cl)c1ccc2c(c1)Cc1ccccc1-2,1
COc1c(Cl)ccc2oc3cc4c(c(OC)c3c(=O)c12)C1C=COC1O4,1
c1cnc2c(c1)ccc1c3cccnc3ccc12,1
CCC(C)Nc1snc2ccccc12,0
Cc1cnc2ccc3c(nc(NO)n3C)c2n1,1
Nc1c2ccccc2nc2ccc(I)cc12,1
O=C1c2ccccc2C(=O)c2c1cc(OC1OC(COC3OCC(O)C(O)C3O)C(O)C(O)C1O)c(CO)c2O,1
CCOC(=O)C[C@H](SP(=O)(OC)SC)C(=O)OCC,0
CCc1cccc(CC)c1NC(=O)CCl,1
Cc1cccc(N=Nc2c(O)ccc3ccccc23)c1C,0
CC(C)(c1ccc(OCC(O)CO)cc1)c1ccc(OCC(O)CO)cc1,0
C=C(C)[C@@H]1CC=C(C)[C@@H](O)C1,0
O=C(O)CCc1c[nH]c2ccccc12,0
N#Cc1ccc(/C=C/c2ccc([N+](=O)[O-])cc2)cc1,1
Nc1nc(-c2cccnc2)cs1,0
CC(=O)OCc1cccc([N+](=O)[O-])c1,0
CCc1cc2c(c3ccc4ccccc4c13)CCC2=O,1
Cc1cc(Cl)cc2c1C(=O)/C(=C1/Sc3cc(Cl)cc(C)c3C1=O)S2,0
Cc1ccc2cc3c(ccc4ccccc43)cc2c1,1
O=[N+]([O-])c1c2c(cc3c1ccc1ccccc13)C=CC(O)C2O,1
Cc1c2c(cc3ccccc13)-c1ccccc1[C@@H]1N[C@H]21,1
Cc1cccc2ncccc12,1
O=C(NCO)c1ccc(Cl)cc1,0
CC(=O)OCc1c2ccccc2c2ccc3cccc4ccc1c2c43,1
Cc1cc(O)ccc1OP(=O)(Oc1cc(O)ccc1C)Oc1c(C)cccc1O,0
Cc1cc2ccccc2c2ccc3c(c12)CCC3=O,1
O=C(Cl)c1cccc(Cl)c1,1
Nn1c2ccccc2c2cnccc21,1
Cc1ccc2c(ccc3c4ccccc4ccc23)c1,1
Cc1c(/C=N/OCc2ccc(Cl)cc2Cl)c2cc([N+](=O)[O-])ccc2n1Cc1ccc(Cl)cc1,0
Clc1nncc2cnccc12,0
CC(=O)[C@@H](C)O,0
CCCCC(=O)n1ncc(Cl)c(Cl)c1=O,0
CCCc1cc2ccccc2c2ccc3c(c12)C1OC1C(O)C3O,0
COc1cc(O[C@@H]2O[C@H](CO)[C@@H](O)[C@H](O)[C@H]2O)c2c(=O)c3c(O)ccc(O)c3oc2c1,1
O=c1c2c(O)cccc2oc2c3c(cc(O)c12)OC1OCCC31,0
CCN(CCCl)CCCNc1c2ccccc2nc2c1ccc1cccnc12,1
CC1(c2ccccc2)/C(=N/c2ccccc2)c2ccccc2N1O,0
c1cc2ccc3cc4c(c5ccc(c1)c2c35)CC[C@H]1O[C@@H]41,1
COCCN(CCOC)c1cc(NC(C)=O)c(-n2nc3c(Br)cc(N)c(Cl)c3n2)cc1OC,1
Clc1c2ccccc2cc2c1ccc1ccccc12,1
COc1cccc(/C=C/c2ccc([N+](=O)[O-])cc2)c1,1
CC(=O)OCc1ccccc1[N+](=O)[O-],0
C=CCCCCCCCCCCCCC,0
Cc1ccccc1-c1nc2ccccc2o1,0
Cc1cc(C)cc(N=Nc2c(O)ccc3ccccc23)c1,0
c1cnc2c3c(ccc2c1)C1OC1CC3,0
OC1c2cccc3ccc4c5ccccc5cc(c4c23)C1O,1
Oc1cc2cc3ccccc3c3ccc4cccc1c4c23,1
Oc1ccc2c(c1)-c1cc3cccc4ccc5ccc-2c1c5c43,1
C/C(C=O)=C(/Cl)C(=O)O,1
CC1=C(/C=C\C(C)=C\C=C/C(C)=C\CO)C(C)(C)CCC1,1
COc1ccc(/C=C/c2ccc([N+](=O)[O-])cc2)cc1,1
CCCC[C@@H](CC)COC(=O)CCCCC(=O)OC[C@H](CC)CCCC,0
CCOC(=O)c1ccc(N(O)C=O)cc1,0
Cc1cnc2c(C)cc3c(nc(N)n3C)c2n1,1
CC1CC2c3cccc4c3c(cn4C3CCCC3)CC2N(C)C1,1
N#[N+][N-]CC(O)C(O)C(O)C(O)CO,1
CCCCC(=O)Nc1snc2ccc(Cl)cc12,0
C1=Cc2c3cc4ccccc4cc3cc3cccc1c23,1
O=C(O)C(F)(F)C(F)(Cl)C(F)(F)C(F)(Cl)C(F)(F)C(F)(Cl)C(F)(F)Cl,0
CCCCN(CCC(=O)OC)N=O,1
ClCC1OC(CCl)OC(CCl)O1,1
CN(C)CCNS(=O)(=O)c1cccc2cccnc12,0
Br[C@H]1CC[C@@H](Br)[C@H](Br)CC[C@H](Br)[C@H](Br)CC[C@H]1Br,0
CC/C=C/C=C/C=C/C=C/C=C/C=C/OCC(O)CO,1
Cc1c2ccccc2nc2c1ccc1ccccc12,1
O=Cc1c(O)cc2c(c1O)C(=O)c1ccccc1C2=O,0
CC(C)(C)OC(=O)NC(C[N-][N+]#N)C(=O)OC(C)(C)C,1
CC(=O)n1ncc(Cl)c(Cl)c1=O,0
NCN,1
Cn1ccc2ccc3ccc4ccc(O)cc4c3c21,1
CCN(CCCl)CCCNc1c2ccc(Cl)cc2nc2ccc(OC)cc12,1
ClCc1ccc2c3c(cccc13)-c1ccccc1-2,1
OC1C=Cc2c(ccc3ncccc23)C1O,0
CC1CCC(C(C)(C)OO)CC1,1
CN(C(=O)CCl)c1snc2ccccc12,0
O=c1c2c(O)cccc2oc2cc3c(c(O)c12)C1C=COC1O3,0
CSc1ncnc2c1ncn2CC(O)C[N-][N+]#N,1
Oc1cc2c3ccccc3cc3ccc4cccc1c4c32,1
CC(=O)NC(C(=O)N(CC(=O)O)N=O)C(C)C,1
C[C@H]1CN(N=O)[C@H](C)CN1N=O,1
N#[N+][N-]CCO,1
Cc1cccc2c1-c1ccccc1C2C,1
Cc1cc2ccccc2c2ccc3c(c12)C=CC(=O)C3=O,1
Cc1ccc2cc(C)c3c4c(ccc3c2c1)C(O)C(O)C1OC41,1
Cc1ccc(NS(=O)(=O)c2cccc3cccnc23)cc1,0
CC1(C)CCCC2(C)C1CCC1(C)C(C=O)C(C=O)=CCC12,0
CN(C)CCN(Cc1ccc(O)cc1)c1ccccn1,0
Fc1ccc(CN2C3c4ccccc4-c4ccccc4C32)cc1,1
O=C1C=Cc2c(ccc3c2ccc2ccccc23)C1=O,0
CS(=O)(=O)Nc1ccc(Nc2c3ccccc3nc3ccc([N-][N+]#N)cc23)cc1,1
Cc1cc(O)c2c(c1O)C(=O)c1c(O)ccc(O)c1C2=O,1
CCCCCCCCCCCCCCCCCCCCCCCCCCCCO,0
CS(=O)(=O)Nc1ccc(Nc2c3ccccc3nc3cc([N-][N+]#N)ccc23)cc1,1
Cc1cc2c(c(O)c1O)C(=O)c1c(O)cc(O)cc1C2=O,1
Cc1cccc2cc3c(ccc4ccccc43)cc12,1
Cc1cc2c(c3ccc4ccccc4c13)CCC2,0
Cn1c2ccc3ccccc3c2c2c3ccccc3ccc21,1
O=C(OCc1ccc(Cl)cc1Cl)c1cccc2cccnc12,0
CN(C)CCNC(=O)c1ccc2nc3ccccc3c(N)c2c1,0
ClC1=C(Cl)[C@]2(Cl)[C@H]3[C@H]4C=C[C@H](C4)[C@H]3[C@@]1(Cl)C2(Cl)Cl,0
c1ccc2c(c1)ccc1nc3ccc4c(c3cc12)CCCC4,1
CN(N=O)C(=O)Oc1cccc2ccccc12,1
C[C@@]12CCC3[C@]4(C)CCC[C@@](C)(C(=O)O)C4CC[C@]3(CC1=O)C2,0
O=C(c1ccc(-c2ccccc2)cc1)C1OC1c1ccccc1,0
CC(=O)c1cc(NC(N)=O)ccc1OC[C@H](O)CNC(C)(C)C,1
c1cc2ccc3ccnc4ccc(c1)c2c34,1
Cc1c2c(c(C)c3ccccc13)C1OC1c1ccccc1-2,1
O=[N+]([O-])c1ccc2c(c1)cc([N+](=O)[O-])c1ccccc12,1
COc1c(C=O)c(O)cc2c1C(=O)c1ccccc1C2=O,0
CCCC(=O)Nc1snc2ccc(Cl)cc12,0
Cn1c2ccccc2c(=O)c2c(O)cc3c(c21)CC(C1(C)CO1)O3,1
C=C1C(=O)OC2C1CCC(C)C1C=CC(=O)C12C,0
CC(=O)Nc1ccc2c3c(cccc13)-c1ccc(O)cc1-2,1
Cc1c2cc(CO)ccc2nc2c1ccc1ccccc12,1
OC1C=Cc2ccc3ncccc3c2C1O,0
CCCC(=O)Nc1snc2ccccc12,0
CC(=O)ON(OCc1ccc(Cl)cc1)C(=O)c1ccccc1,1
CCCC[C@@H](CC)COC(=O)c1ccccc1C(=O)OC[C@H](CC)CCCC,0
ONc1ncnc2c1ncn2Cc1ccccc1,1
OC1c2ccc3nc4c(ccc5ccccc54)cc3c2C2OC2C1O,0
OC1c2ccc3cccnc3c2C2OC2C1O,1
O=[N+]([O-])c1ccc(N=Nc2c(O)ccc3ccccc23)c([N+](=O)[O-])c1,1
CCCC(=O)Nc1snc2ccc(C)cc12,0
OCc1ccc2c3c(cccc13)-c1ccccc1-2,0
Cc1cc2cccc3ccc4cc5ccccc5c1c4c32,1
Cc1ccc(-c2nc3n(c2[N+](=O)[O-])CCS3)cc1,1
Nc1ccc2c(-c3ccccc3C(=O)O)c3ccc(N)cc3[o+]c2c1,0
COc1ccc2c(c1)C(=O)c1nccc3cc(OC)c(OC)c-2c13,1
CN1CC(CBr)CC2c3cccc4[nH]cc(c34)CC21,1
COc1cc(NS(C)(=O)=O)ccc1Nc1c2ccccc2nc2ccc([N-][N+]#N)cc12,1
N[C@@H](CCC(=O)N[C@@H](CSC(Cl)=C(Cl)Cl)C(=O)NCC(=O)O)C(=O)O,1
C/C=C(/C)C(=O)O[C@H]1CCN2CC=C(COC(=O)[C@@](O)([C@H](C)OC)C(C)(C)O)[C@H]12,1
c1cnc2c(c1)CCC1OC21,0
c1ccc(CCC2CO2)cc1,1
CCOC(=O)C(=NNc1ccc(-c2ccc(NN=C(C(=O)OCC)C(=O)OCC)c(OC)c2)cc1OC)C(=O)OCC,0
O=C(O)c1cccc2cccnc12,0
CN1CCN(c2ccc3[nH]c(-c4ccc5[nH]c(-c6ccc(N(CCCl)CCCl)cc6)nc5c4)nc3c2)CC1,0
CCOC(=O)CSc1ccc2c3c(cccc13)C(=O)c1ccccc1-2,1
Oc1cccc2c1ccc1nc3ccc4ccccc4c3cc12,0
Cc1c2ccccc2cc2ccccc12,1
c1cc2cc3c4c(ccc5cc6c(c1CCC6)c2c54)CCC3,1
O=C(NCCCl)Nc1ncc([N+](=O)[O-])s1,1
c1ccc(-c2ccccc2OCC2CO2)cc1,1
CCCCCOC(=O)/C=C/c1ccc([N+](=O)[O-])o1,1
N#[N+]c1cccc2c1C(=O)c1ccccc1C2=O,1
c1ccc2c(c1)-c1ccc3c4c1c-2cc1cccc(c14)C1OC31,1
COC(=O)/C(C)=C/C=C/C(C)=C/C=C/C=C(C)/C=C/C=C(C)/C=C/C1=C(C)CCCC1(C)C,0
CN(C)CCNC(=O)c1cc2ccccc2c2cccnc12,1
CC1(C(=O)NCc2ccccc2)CO1,1
CC(=O)CC(=O)Nc1ccc(C)cc1,0
O=[N+]([O-])c1cccc(CO/N=C/c2nc3cc([N+](=O)[O-])ccc3n2Cc2ccc(F)cc2)c1,0
O=C(COc1ccc(Cl)cc1Cl)NC(Cc1c[nH]c2ccccc12)C(=O)O,0
CCN(CCCl)c1ccc(-c2nc3cc(-c4nc5cc(N6CCN(C)CC6)ccc5[nH]4)ccc3[nH]2)cc1,0
COc1c(OC)c2occc2c2oc(=O)ccc12,0
O=[N+]([O-])c1ccc2c3c(c4cccc5ccc1c2c54)CCCC3,1
CC(=O)C1=C(C(C)(C)C)C(=O)C(C(C)(C)C)=C1,0
COc1ccc(Nc2c3ccccc3nc3ccccc23)cc1,1
NC(CSCCCl)C(=O)O,1
Cc1c2c(cc3ccccc13)-c1ccccc1C(O)C2O,1
Cn1c([N-][N+]#N)nc2ccc3ncccc3c21,1
CCC(CCC(C)=O)COC(=O)CCCCC(=O)O,0
OC1c2ccc3c(ccc4ccccc43)c2C2OC2C1O,1
CCCOc1cc2c(c3ccc4ccccc4c13)CCC2=O,0
CN(C)CCNC(=O)c1cccc2cc3ccccc3cc12,1
CC1=C(Cl)C(=O)OC1O,1
O=Nc1ccc2ccc3c4ccccc4cc4ccc1c2c43,1
O=S(=O)(O)Oc1ccc2ccc3c4ccccc4cc4ccc1c2c43,0
Nc1c(N=Nc2ccc([N+](=O)[O-])cc2)c(S(=O)(=O)O)cc2cc(S(=O)(=O)O)c(N=Nc3ccccc3)c(O)c12,1
COC(=O)c1ccc(CN(C)N=O)cc1,0
Cc1c(Br)c(Br)c(Br)c(Br)c1Br,0
N=NCCCO,1
Brc1ccc2c(c1)C=CC1CCCCC21,0
O=C(O)C1Cc2c([nH]c3ccccc23)C(c2ccccc2)N1,0
O=S(=O)(Nc1ccc(Cl)c(Cl)c1)c1cccc2cccnc12,0
[O-][n+]1cccc2c1C=CC1OC21,0
O=C1Cc2cc3cc([N+](=O)[O-])ccc3cc2C(O)C1O,0
O=C(/C=C/c1ccc(O)cc1)c1ccccc1,0
Fc1cccc2c1ccc1cccnc12,1
CS(=O)(=O)Nc1ccc(Nc2c3ccc([N-][N+]#N)cc3nc3cc([N-][N+]#N)ccc23)cc1,1
Oc1ccc2c(c1)c1ccccc1c1cc3ccccc3cc21,1
O=Nc1c2ccccc2c2ccc3cccc4ccc1c2c43,1
Oc1cc2ccccc2c2ccc3ccccc3c12,0
C=C(C)c1ccc(C)c2ccc(C=O)c-2c1,1
O=P1(N(CCCl)CCCl)N[C@H](O)CCO1,1
CC(C)CC1NC(=O)CNC1=O,0
Cc1c([N+](=O)[O-])cc(N=[N+]([O-])c2cc([N+](=O)[O-])c(C)c([N+](=O)[O-])c2)cc1[N+](=O)[O-],1
CC(=O)C1(C)OC12C(=O)C=Cc1ccccc12,0
CC1(C)S[C@@H]2[C@@H](NC(=O)Cc3ccccc3)C(=O)N2[C@H]1C(=O)O,0
O=NSCCO,1
C/C=C/Cl,1
Cc1ccc2nc3c(c(C)c2c1)C(O)C(O)c1ccccc1-3,0
O=C1CCc2ccc3ccc4ccccc4c3c21,0
O=[N+]([O-])c1cc2[nH]c3ccc4c(O)cccc4c3c2c2ccccc12,1
C1=C[C@@H]2[C@H]3C=C[C@H](C3)[C@@H]2C1,0
O=C(c1ccc(Br)cc1)C1OC1c1ccccc1,0
COc1cc(OC)c2c(c1)OC1OC3OC3C21,1
CC(=O)Nc1ccc2c(c1OC(=O)c1ccccc1)Cc1ccccc1-2,0
C1COCCOCCOCCOCCOCCOCCO1,0
O=NN(CCc1c[nH]c2ccccc12)C1OCC(O)C(O)C1O,1
BrCc1c2ccccc2cc2c1ccc1ccccc12,1
COc1ccc(/C=C/c2ccc(N)cc2)cc1,1
O=C(O)C1OC(Oc2c3ccccc3c3ccc4cccc5ccc2c3c54)C(O)C(O)C1O,0
Oc1ccc(OP2(Oc3ccc(O)cc3)=NP(Oc3ccc(O)cc3)(Oc3ccc(O)cc3)=NP(Oc3ccc(O)cc3)(Oc3ccc(O)cc3)=N2)cc1,0
CCON(OC(C)=O)C(=O)c1ccccc1,1
c1cc(OCC2CO2)c2sncc2c1,1
COC1=CC(=O)C=C/C1=N\c1c2ccccc2nc2ccccc12,0
OC[C@H](Br)CBr,1
ClCc1ccc2cccc3c2c1-c1ccccc1-3,1
O=C(Nc1ccc2c(c1)Cc1ccccc1-2)c1ccccc1,1
CCCC[CH-][N+](=O)[O-],0
O=[N+]([O-])c1ccc2ccc3cc4c(c5ccc1c2c35)C=CC(O)C4O,1
CC(C)CNC(=O)/C=C/c1ccc([N+](=O)[O-])o1,1
c1ccc([C@H]2N[C@@H]2c2ccccc2)cc1,1
CC(C)CCCCCOC(=O)Cc1ccc(Cl)cc1Cl,0
c1ccc2c3c4c(ccc5cccc(c54)[C@H]4O[C@@H]34)cc2c1,1
Oc1c2ccccc2nc2occc12,0
Cc1cc2ccccc2c2ccc3c(c12)C1OC1C(O)C3O,1
O=C1c2ccccc2C(=O)c2c1cc(O)c(CO)c2O,1
c1ccc2c(c1)C1OOC2c2ccccc21,0
ClCc1cc2cc3ccccc3c3ccc4cccc1c4c23,1
C1=Cc2cc3c4ccccc4ccc3c3cccc1c23,1
CCCC[C@@H](CC)COC(=O)CCCCC(=O)O,0
Nc1ccc2ccccc2n1,1
Cc1c2ccccc2c(COS(=O)(=O)O)c2ccc3ccccc3c12,1
CCc1cn(C2CC(O)C(CO)O2)c(=O)[nH]c1=O,0
COc1ccc2c(cc3c4c(cc5c(c42)OCO5)C(=O)C(=O)N3C)c1OC,1
COC1=CC(=O)c2c3nc4c(c-3c[nH]c2C1=O)CCCC4,1
CCn1c(N)nc2c3cccnc3ccc21,1
CC(=O)Nc1ccc2ccccc2n1,0
CC(Cl)C(=O)NCc1ccccc1,0
OCc1cc2c3ccccc3cc3ccc4cccc1c4c32,0
Cc1cn(CC(O)C[N-][N+]#N)c(=O)[nH]c1=O,1
C=C(C)[C@H]1Cc2c(cc(O)c3c(=O)c4ccccc4n(C)c23)O1,1
c1ccc2c(c1)cc1c3c2ccc2cccc(c23)C2NC12,1
CC(=O)Nc1cc2c(cc1OC(C)=O)-c1ccccc1C2,0
c1ccc2c(COCC3CO3)cccc2c1,1
Nc1c(O)ccc2ccccc12,0
O=S(=O)(O)c1cccc2cccnc12,0
OC1C=Cc2c(cc3ccc4cccc5ccc2c3c45)C1O,1
CC/C(=C(/c1ccccc1)c1ccc(OCCN(C)C)cc1)c1ccccc1,0
CC(=O)Nc1ccc(Oc2ccc([N+](=O)[O-])cc2)cc1,1
CC(C)=CCC/C(C)=C\C=O,0
CCc1c2ccccc2c(C)c2ccc3ccccc3c12,0
Cc1ccc(N=Nc2ccc(N(CCO)CCO)cc2)cc1,0
CCCCON(OC(C)=O)C(=O)c1ccc(Cl)cc1,1
CCCCC(CC)COC(=O)c1ccc(C(=O)O)cc1,0
CN(C)CCNC(=O)c1cccc2c(O)c3ccccc3nc12,1
Cc1cc(-c2cc3c(cc2F)n2c(=O)n(O)c(=O)cc2n3C2CC2)cc(C)n1,1
CN1CCN(c2ccc3[nH]c(CCCCCCc4ccc5[nH]c(-c6ccc(N(CCCl)CCCl)cc6)nc5c4)nc3c2)CC1,0
CCOC(=O)c1[nH]c2ccccc2c1/N=C/c1ccc([N+](=O)[O-])cc1,1
O=S(=O)(Nc1cccc(Cl)c1)c1cccc2cccnc12,0
COC(=O)c1oc(NO)c(-c2ccccc2)c1-c1ccccc1,0
CCCCN(CCC(C)=O)N=O,1
OCC1OC(n2cnc3c2ncn2ccnc32)C(O)C1O,0
CN(C)[C@@H]1C(=O)C(C(N)=O)=C(O)[C@@]2(O)C(O)=C3C(=O)c4c(O)cccc4[C@@](C)(O)[C@H]3C[C@H]12,0
Clc1cccc(-c2nc3ccccc3o2)c1,0
Fc1cc2cccnc2c2ccccc12,1
CCC(C)C,0
O=c1oc2cccc3ccc4cccc1c4c32,0
Nc1nc2c(s1)CCc1ncccc1-2,1
Nc1ccc2ccc3cc4ccccc4c4ccc1c2c34,1
CCN(CCCCO)N=O,1
O=[N+]([O-])c1ccc2c3c4c(cccc4c4ccccc4c13)[C@@H]1O[C@H]21,1
OCc1c2ccccc2c2ccc3cccc4ccc1c2c43,1
Cc1cc2ccccc2c2cc3c(cc12)C(O)C(O)C=C3,1
O=[N+]([O-])c1cc2c3c(ccc2c2ccccc12)[C@@H](O)[C@H](O)C=C3,1
C1C[C@@H]2O[C@@H]2[C@H]1O[C@H]1CC[C@@H]2O[C@H]12,0
CC(=O)Nc1cccc2cc(F)cnc12,1
Nc1ccc(/C=C/c2cccc(N)c2)cc1,1
CC(C)OC(=O)/C=C/c1ccc([N+](=O)[O-])o1,1
C[C@]12CC[C@H]3[C@@H](CC[C@H]4C[C@@H](OC(=O)Cc5ccc(N(CCCl)CCCl)cc5)CC[C@@]43C)[C@@H]1CCC(=O)N2,1
O[C@H]1c2cccc3c2[C@@]2(O[C@@H]2[C@@H]1O)c1ccc2ccccc2c1-3,1
NC1CCC(N)CC1,0
N#[N+][N-]c1ccc2c(Nc3ccc(NS(=O)(=O)CCCN)cc3)c3ccc([N-][N+]#N)cc3nc2c1,1
COc1cccc2c1C(=O)c1c(O)c3c(c(O)c1C2=O)C[C@@](O)(/C(C)=N/NC(=O)c1ccccc1)C[C@@H]3O[C@H]1C[C@H](N)[C@H](O)[C@H](C)O1,1
CCCCNC(=O)/C=C/c1ccc([N+](=O)[O-])o1,1
ClCc1cccc2c1-c1cccc3cccc-2c13,1
CCC[NH+]([O-])O,0
OCP(Cl)(CO)(CO)CO,0
CCCN(N=O)C(=N)NN(O)O,1
CCCCCN(N=O)C(=N)NN(O)O,1
NON(N=O)c1ccccc1,1
O=C(O)C1=NN(c2ccc(S(=O)(=O)O)cc2)C(=O)C1N=Nc1ccc(S(=O)(=O)O)cc1,0
COc1cc2c(c3oc(=O)c4c(c13)CCC4O)C1C=COC1O2,1
Cc1cc(C)c(N=Nc2c(O)c(S(=O)(=O)O)cc3cc(S(=O)(=O)O)ccc23)cc1C,0
Cc1cc(C)c(N=Nc2cc(S(=O)(=O)O)c3ccccc3c2O)c(S(=O)(=O)O)c1,0
Oc1cc2c(cc1O)C1c3ccc(O)c(O)c3OCC1(O)C2,0
CC1=C2C(=COC(C)C2C)C(O)=C(C(=O)O)C1=O,0
CC(C)CN(N=O)C(=N)NN(O)O,1
[O-][NH+](O)c1ccc2ncccc2c1,1
[CH2-][N+](C)(C)CCO,0
Cc1ccc2c(c1O)C(=O)c1ccccc1C2=O,1
C[n+]1cccc2c1C=CC1OC21,1
CC(=O)NC(CSC(Cl)=C(Cl)C(Cl)=C(Cl)Cl)C(=O)O,1
C=C(C)C1C=C2C(COC(=O)CCCCCCCCCCCCCCCCC)=CC=C2C(C)=CC1,1
C=CCCCCC1CO1,1
OC1C=Cc2c(ccc3c2ccc2ccccc23)C1O,1
Oc1ccc2ccc3c4c(ccc3c2c1)C(O)C(O)C=C4,1
O=NN1CCSC1CO,1
CC(O)c1cc2ccc3cccc4ccc(c1)c2c34,1
OC1c2cccc3c2C2(OC2C1O)c1ccc2ccccc2c1-3,1
CCC1(O)CC(O)c2c(cc3c(c2O)C(=O)c2c(O)cccc2C3=O)C1C(=O)OC,1
Cc1ccc(CCC2CO2)cc1,1
OC1C=Cc2ccc3c(ccc4ccccc43)c2C1O,1
COCC1CO1,1
c1ccc2c(c1)-c1c(c3ccccc3c3ccccc13)C1OC21,1
NC(CCC(=O)NNc1ccccc1)C(=O)O,1
c1cc2c3c(cccc3c1)C1NC21,1
CCCCCCOCC1CO1,1
CCCNN=O,1
CC1OC1C,1
Fc1ccc2c3c(ccc2c1)-c1cccc2cccc-3c12,1
Cc1nn(C)c(NC(=O)CNCCCN2CCCCC2C)c1C(=O)c1ccccc1F,1
c1ccc2c(c1)-c1cc3ccc4ccccc4c3cc1C1OC21,1
CC(=O)CN(CC(C)O)N=O,1
CCOCC1CO1,1
CC1(C)CC2C(O)(C=C(C=O)C34CC23C(=O)OC4O)C1,1
C1=CC2OC2c2ccc3c4c5c(cccc5cc3c21)C=C4,1
C=C(C)C(=O)OCC(Br)CBr,1
Clc1ccc(CCC2CO2)cc1,1
Nc1ccc(N)c2c(O)c3ccccc3c(O)c12,1
COc1c2c(cc3oc4c(CCC(C)(C)O)ccc(O)c4c(=O)c13)OC1OC=CC21,1
CCC(C)COC(=O)C=Cc1ccc(N=Cc2ccc(OC)cc2)cc1,1
NC(CCC(=O)NC(CSN=O)C(=O)NCC(=O)O)C(=O)O,1
OC1C=Cc2cc3c4c(cc5ccccc53)-c3ccccc3-c4c2C1O,1
CC(O)CBr,1
O=C1CCC2c3c(ccc(O)c31)-c1ccc(O)c3c1C2(O)C(O)CC3=O,1
CCC(O)C=CC=CC=CC=CC=O,1
O=NN1CC(Cl)C(Cl)C1,1
O=c1[nH]c(=O)n(C2CC(O)C(CO)O2)cc1CO,1
CC=CCC=O,1
Nc1ccc(Oc2ccc(Oc3ccc(N)cc3)cc2)cc1,1
Nc1cc2c3c(ccc2c2ccccc12)C(O)C(O)C=C3,1
COC(=O)C12OC1(C)C(O)(C(C)C)NC2=O,1
OC1C=Cc2ccc3nc4ccc5ccccc5c4cc3c2C1O,1
c1ccc2c3c4c(cc5ccccc5c4cc2c1)C1OC31,1
CC(=O)N(OC1OC(CO)C(O)C(O)C1O)c1ccc(Oc2ccc(Cl)cc2)cc1,1
COc1cc(OC2OC(CO)C(O)C(O)C2O)c2c(=O)c3c(O)ccc(O)c3oc2c1,1
CC(=O)OC1Cc2c3ccc4ccccc4c3cc3ccc(C)c1c23,1
NC(CCC(=O)NC(CSCCCl)C(=O)NCC(=O)O)C(=O)O,1
C=CCn1cc2c3c(cccc31)C1C=C(CO)CN(C)C1C2,1
O=c1c2c(O)cccc2oc2c3c(cc(O)c12)OC1OC=CC31,1
OC1Cc2cc3cccc4ccc5ccc1c2c5c43,1
CCCCCn1cc2c3c(cccc31)C1C=C(C)CN(C)C1C2,1
Cc1ccc2c(c1)C(C)c1ccccc1-2,1
COC(=O)C12OC1(C)C(C(C)C)OC2=O,1
O=C1CCc2c1cc(C(F)(F)F)c1c3c(ccc21)C(O)C(O)C=C3,1
c1cc2sncc2cc1OCC1CO1,1
COc1cc(NS(C)(=O)=O)ccc1Nc1c2ccc(N=[N+]=[N-])cc2nc2c(C)cccc12,1
C1=CC2OC2C=C1,1
OC1C=C2c3ccc4ccccc4c3-c3cccc(c32)C1O,1
OC1C=Cc2c(ccc3c2-c2cccc4cccc-3c24)C1O,1
C(CCC1CO1)CC1CO1,1
N=NC1=NNC=C2C=CC=CC21,1
NC(=O)CC1CO1,1
OCC(O)c1oc(O)c(O)c1O,0
CC(NC(=O)Cc1cnc(C)nc1N)=C(CCOC(=O)c1ccccc1)SC(=O)c1ccccc1,0
O=C1C(=O)C(c2ccccc2)Oc2cc(O)cc(O)c21,0
CC(C)OC(=O)CC(O)(CC(=O)O)C(=O)O,0
CC(C)=CCC1C(=O)C(=O)c2ccccc2C1=O,0
CCCCCCCCCCCCCCCCC1CO1,0
CC12CC(C=O)C(=O)CC1CCC1C2CCC2(C)C1CCC2(C)O,0
CC12CCC(=O)CC1=C1CC1C1C2CCC2(C)C1C1CC1C21CCC(=O)O1,0
CN(C)c1ccc(N=Nc2cccnc2)cc1,0
CN1C(C(=O)Nc2ccccn2)C(=O)c2sccc2S1(=O)=O,0
O=C1C(=O)C(O)C1=O,0
C=C1C(=O)OC2C1CCC(C)C1=CCC(=O)C12C,0
CC1OCCc2cc3c(cc21)C(C)(C)C(C)C3(C)C,0
Cc1cc2c(c3ccc4ccccc4c13)C1OC1C(O)C2O,0
CN(C)CC(=O)O,0
CC(C)(C)c1cc(C=Cc2cc(C(C)(C)C)c(O)c(C(C)(C)C)c2)cc(C(C)(C)C)c1O,0
C=C(C)C(=O)OCCCCCCCC,0
CC(CC(=O)O)C(=O)O,0
N=C1NC(=O)N(C2OC(CO)C(O)C2O)CC1=O,0
O=c1oc2cccc(O)c2cc1C1CCc2ccccc2C1,0
CCC(C)C(C)CO,0
N#CC(=N)C(N)C#N,0
O=NN(CC(=O)O)CC1(O)OCC(O)C(O)C1O,0
CCC1(CC(=O)O)OCCc2c1n(C)c1ccccc21,0
Nc1ccn(C2OC(COP(=O)(O)O)C(O)C2O)c(=O)n1,0
CCC(C)(C)c1cc(N2Nc3ccccc3N2)c(O)c(C(C)(C)CC)c1,0
OC1CC23C=CC=CC2(C1)O3,0
O=C1CC(=O)C1=O,0
CCCCCCCCCCCC(=O)OCCS(=O)(=O)O,0
CCC(O)CN,0
O=S(=O)(O)c1cc(S(=O)(=O)O)c2c(N=Nc3ccccc3)c(O)ccc2c1,0
CCCCCCCCCCCCCCCC(=O)OCC(O)c1oc(O)c(O)c1O,0
CCCCCC(CC)OC(=O)c1cccc(C(=O)OC(CC)CCCCC)c1,0
CC(=O)c1c(O)c2n(c1O)C(C)(C)C1Cc3cccc4[nH]cc(c34)C21,0
C#CC1(OC(C)=O)CCC2C3CCC4=C(CCC(=O)C4)C3CCC21C,0
CC(=O)C1CCC2C3CC=C4CC(=O)CCC4(C)C3CCC12C,0
C#CC1(O)CCC2C3CC=C4CC(=O)CCC4C3CCC21C,0
CC(=O)OC1(C(C)=O)CCC2C3CC(C)=C4CC(=O)CCC4(C)C3CCC21C,0
CN(C)C1C(=O)C(C(N)=O)C(=O)C2(O)C(=O)C3C(=O)c4c(O)cccc4C(C)(O)C3C(O)C12,0
CC(CCC(=O)O)C1CCC2C3CCC4CC(=O)CCC4(C)C3CC(=O)C12C,0
CCCCCCC(O)CC=CCCCCCCCC(=O)O,0
CN(C)C1C(=O)C(C(N)=O)C(=O)C2(O)C(=O)C3C(=O)c4c(O)cccc4C(C)(O)C3CC12,0
Nc1c(/N=N/c2ccc([NH+]([O-])O)cc2)c(S(=O)(=O)O)cc2cc(S(=O)(=O)O)c(/N=N/c3ccccc3)c(O)c12,1
[O-][NH+](O)c1ccccc1Nc1ccccc1,0
CC(=O)c1cccc([NH+]([O-])O)c1,1
CCN1c2cc(N)ccc2-c2ccc(N)cc2C1c1ccccc1,1
Cc1ccc(S(=O)(=O)O)c(C)c1,0
[O-][NH+](O)c1nccn1CC(O)CF,1
CC1CCCN(N=O)C1,1
CN(C)OC(=O)COc1ccc(Cl)cc1Cl,0
c1ccc2cc(C3CO3)ccc2c1,1
C1CC2OC2C1OC1CCC2OC12,0
CCCCCCCCCCCCc1ccc(S(=O)(=O)O)cc1,0
CC1CCCC(O)CCCCCc2cc(O)cc(O)c2C(=O)O1,0
c1ccc2c(c1)cc(C1CO1)c1ccccc12,1
Cc1ccc2cc3c(ccc4ccccc43)c3c2c1CC3=O,1
NC(=O)N(CCCC(N)C(=O)O)N=O,1
C1=CC2OC2c2cc3ccc4cccc5ccc(c21)c3c45,1
C1=CC2OC2c2c1cc1ccc3cccc4ccc2c1c34,1
CCCCN(CCC(C)O)N=O,1
CCCCC(CC)COC(=O)CCCCC(=O)O,0
CC12C/C(=C/O)C(=O)CC1CCC1C2CCC2(C)C1CCC2(C)O,0
CC1CCOS(=O)(=O)O1,1
CC(=O)OCCC(C=O)c1c(O)cc2c(c1O)C(=O)c1c(O)cc(O)cc1C2=O,1
CC1=CC2=C(C=O)C(=O)C(C)(O)C(O)C2=CO1,1
CC(=O)OC(c1ccccc1)N(C)N=O,1
CC1CCc2c1ccc1c2ccc2ccccc21,1
COc1cc2c(c3oc(=O)c4c(c13)C(O)CC4O)C1C=COC1O2,1
CC1CN(N=O)C(C)CN1N=O,1
O=NN1CCC=C(C(=O)O)C1,1
OCC1COC(CCI)O1,1
CCCCN(N=O)C(CCC)OC(C)=O,1
c1csc(-c2nc(N3CCOCC3)c3ccccc3n2)c1,1
CC1=CCc2c1cc(C)c1c2ccc2ccccc21,1
COc1cc2c(c3ccc4ccccc4c13)CCC2C,1
Cc1cc2c(c3ccc4ccccc4c13)CCC2C,1
OC(c1ccc2c(c1)OCO2)C1CO1,1
c1ccc2c3c4c(ccc5cccc(c54)C4OC34)cc2c1,1
OC1C=Cc2c(ccc3cc4ccccc4cc23)C1O,1
Nc1ccc(-c2ccc(N)c(Cl)c2)c(Cl)c1,1
C=CC(OC(C)=O)c1ccc(OC)cc1,1
c1ccc2c(C3CO3)c3ccccc3cc2c1,1
c1cc2ccc3ccc(C4CO4)c4ccc(c1)c2c34,1
CCCCN(CC(O)CCO)N=O,1
Cc1nc(N)c(C)c2c1[nH]c1ccccc12,1
Cc1c2ccccc2cc2c3c(ccc12)C=CC(O)C3O,1
Cc1c2ccccc2cc2c3c(ccc12)C(O)C(O)C=C3,1
OC1c2cc3ccc4ccccc4c3cc2C2OC2C1O,1
CCC1OC(=O)C(C)C(OC2CC(C)(OC)C(O)C(C)O2)C(C)C(O)(C2OC(C)CC(N(C)C)C2O)C(C)(O)CC(C)C(=O)C(C)C(C)(O)C1O,0
O=NN1CCCC(Cl)C1,1
OC1c2c(cc3ccc4cccc5ccc2c3c45)C2OC2C1O,1
O=NN1CCC(c2ccccc2)CC1,1
Cc1c2ccccc2c(C2CO2)c2ccccc12,1
CNC1CC(OC2CC(O)(C(C)=O)Cc3c(O)c4c(c(O)c32)C(=O)c2c(OC)cccc2C4=O)OC(C)C1O,1
Cc1ccc2cc3c4c(ccc3c3c2c1CC3)C=CC(O)C4O,1
Cc1ccc2cc3c4c(ccc3c3c2c1CC3)C(O)C(O)C=C4,1
Cc1cc(O)c2c(c1)C(=O)c1cc(OC3OC(C)C(O)C(O)C3O)cc(O)c1C2=O,1
c1cc2c(cc1CC1CO1)OCO2,1
COP(=O)(OC)O/C(C)=C/C(=O)OC(C)c1ccccc1,0
ClC1CO1,1
CC(=O)NBr,0
CC[NH+]([O-])O,0
[NH-][NH+]=CC(=O)NCC(=O)NN,1
Cc1ccccc1[NH+]([O-])O,0
Cc1ccc2cccc([NH+]([O-])O)c2n1,1
CC(CCc1ccccc1)c1ccccc1,0
[O-][NH+](O)c1ccccc1,0
CC/N=c1\cc2oc3cc(NCC)c(C)cc3c(-c3ccccc3C(=O)OC)c-2cc1C,0
Cc1ccc([NH+]([O-])O)cc1,0
CCOC(=O)C[C@H](SP(=S)(OC)OC)C(=O)OCC,0
OC1c2ccc3cc4ccc5ccccc5c4nc3c2C2OC2C1O,1
N#C/C(=C\C=C\c1ccccc1)c1ccc(F)cc1,1
CN(C)CCNC(=O)c1cccc2oc(-c3ccccc3)nc12,0
C[n+]1c2ccccc2nc2ccccc21,1
Cc1ccc(N=Nc2c(O)ccc3ccccc23)c(S(=O)(=O)O)c1,0
CCC(=O)Nc1snc2ccccc12,0
Cn1c([N-][N+]#N)nc2c3ccccc3ccc21,1
CC12OOC1(COC(=O)Nc1ccc(Cl)cc1)Oc1ccccc12,1
CN(Cc1cccc(Br)c1)N=O,1
ClCc1c2ccccc2c(Cl)c2ccccc12,1
CC(=O)OCc1cc(C(C)=O)ccc1OC(C)=O,1
Nc1ccn([C@@H]2O[C@H](COP(=O)(O)O[C@@H]3[C@@H](CO)O[C@@H](n4cnc5c(N)ncnc54)[C@@H]3O)[C@@H](O)[C@H]2O)c(=O)n1,0
CC(C)CCOS(C)(=O)=O,1
O=C1c2ccccc2C(=O)c2c1cc(O)c(O)c2O,1
COc1cc(C(O)c2ncc([N+](=O)[O-])n2C)c(O)c(C(C)(C)C)c1,1
COc1cccc2c1C(=O)c1c(O)c3c(c(O)c1C2=O)C[C@@](O)(C(=O)CO)C[C@@H]3O[C@H]1C[C@H](N2CCOC[C@H]2C#N)[C@H](O)[C@H](C)O1,0
COc1ccc2c(CBr)cc(=O)oc2c1,0
OC1C2(Cl)C3(Cl)C4(Cl)C(Cl)(Cl)C5(Cl)C3(Cl)C1(Cl)C5(Cl)C24Cl,0
COc1cc(O)c2c(=O)c3cc(OC)ccc3oc2c1,1
Cn1c(NO)nc2ncc(-c3ccccc3)cc21,1
ONc1ccc(-c2ccccc2)cc1,1
Cc1cnc2c(C)c(C)c3c(nc(N)n3C)c2n1,1
CCCCON(OC(C)=O)C(=O)c1ccccc1,1
C[C@H](COc1ccccc1)N(CCCl)Cc1ccccc1,1
Oc1ccnc2ccccc12,0
CCC1C(c2ccc(O)cc2)=C(C)c2cc(O)ccc21,0
CN1[C@H]2CC(OC(=O)[C@@H](CO)c3ccccc3)C[C@@H]1[C@@H]1O[C@@H]12,0
C[C@@H](CCC(=O)O)[C@H]1CC[C@H]2[C@@H]3CC[C@H]4C[C@@H](O)CC[C@]4(C)[C@H]3CC[C@@]21C,0
c1cc2ccc3cc4cccc5ccc6cc(c1)c2c3c6c54,1
CC(CC[N-][N+]#N)c1ccccc1,1
Cc1cc(N)c([N+](=O)[O-])c(C)c1N,0
O=[N+]([O-])c1ccc(N/N=C(/N=Nc2ccc(I)cc2)c2ccccc2)cc1,0
Cn1c([N-][N+]#N)nc2ccccc21,1
C/C(C=O)=C/c1ccccc1,0
c1ccc2cc3c(ccc4c5ccccc5ccc34)cc2c1,0
Oc1ccc2cc3ccc4cccc5ccc(c2c1)c3c45,1
O=[N+]([O-])c1ccc(CN2C3c4ccccc4-c4ccccc4C32)cc1,1
CC1=CC(=O)c2[nH]c(C)c3c4ccccc4nc-3c2C1=O,1
O=[N+]([O-])c1cc([N+](=O)[O-])c2c3ccccc3c3cccc4ccc1c2c43,1
CCCCN(CC(=O)CC)N=O,1
OCc1cccc2c1-c1cccc3cccc-2c13,0
CCCC[C@@H](CC)COC(=O)c1ccc(C(=O)OC[C@H](CC)CCCC)c(C(=O)OC[C@H](CC)CCCC)c1,0
O=C(O)c1cc(O)c2c(c1)C(=O)c1cc(O)cc(O)c1C2=O,0
c1ccc2cc3c(cc4c5c(cccc53)C3OC43)cc2c1,1
Nc1nc(=O)n(C2CC(O)C(CO)O2)cc1O,0
COc1ccc2cc([N+](=O)[O-])c3ccc(=O)oc3c2c1,1
O=C1c2ccccc2-c2ccc3ccccc3c21,0
O=CNc1ccc(Oc2ccc(Cl)cc2Cl)cc1,1
CC(C)(C)C1CCC2(CC1)CO2,0
CCc1ccc2c3c(cccc13)-c1ccccc1-2,0
CC(Br)C(N)=O,1
O=C(O)C1OC(Oc2ccc3ccc4cc5ccccc5c5ccc2c3c45)C(O)C(O)C1O,0
CCOC(=O)c1cccc2cccnc12,0
O=C(/C=C/c1ccccc1[N+](=O)[O-])c1ccccc1,0
N#[N+][N-]CC(O)C(O)C(O)C(O)C(=O)O,1
CC(=O)OC1CCC2(C)C(=CCC3C2CCC2(C)C(C(C)CCCC(C)C)CCC32)C1,0
COc1cccc2c1ccc1c(C(=O)O)cc3c(c12)OCO3,1
CN(CCO)C(=O)Nc1ccc(Cl)c(Cl)c1,0
COC(=O)C[C@@H]1[C@@]2(C)C(=O)C=C[C@@]3(C)C(=O)O[C@H](C32)[C@H]2OC3C[C@@H](c4ccoc4)C(C)=C3[C@]21C,0
ClC1=C(Cl)[C@]2(Cl)[C@H]3[C@@H]4C[C@@H]([C@@H]5O[C@H]45)[C@H]3[C@@]1(Cl)C2(Cl)Cl,0
COc1cccc(C(=O)CBr)c1,0
Nc1nc(NO)c2[nH]cnc2n1,1
CC(C)CCCC(C)C1CCC2C3CC=C4CC(OC(=O)Cc5ccc(N(CCCl)CCCl)cc5)CCC4(C)C3CCC12C,0
CC12CCC3c4ccc(O)cc4CCC3C1CCC2O,0
COc1cc(O)c2c(c1)OC(c1ccc(O)c(O)c1)C(=O)C2=O,1
C=CC(=O)N(CC1CO1)CC1CO1,1
C#CC(OC(=O)NC1CCCCC1)(c1ccccc1)c1ccc(C)c(C)c1,1
CCC12OC1(C(=O)OC)C(=O)NC2(C)O,1
c1ccc(Cc2ccc(CC3CO3)cc2)cc1,1
CC=C(C=C(C)C=C(C)C=CC=C(C)C(=O)C12OC1C(O)(CCO)NC2=O)C(=O)OC,1
COc1cc(C2Oc3cc(O)cc(O)c3C(=O)C2=O)ccc1O,0
CC12CCC3c4ccc(O)cc4CCC3C13CCC2(O)C(O)C3,0
C=C(C)c1cc(O)c(C)cc1O,0
OC1c2ccccc2-c2cc3c(ccc4ccccc43)nc2C1O,0
CC1CC2OC3C(O)C(O)C(C)(C34CO4)C2(CO)C(=O)C1=O,0
C=CC1CCC2(C)OC2C1,0
NC(CSCc1ccccc1)C(=O)O,0
Cc1ccc2cc3c(ccc4ccccc43)c3c2c1CC3O,1
c1cc2ccc3cc4c(c5ccc(c1)c2c35)CCC1OC41,1
CC1=CCC2C(C)=CCC(C(C)(C)C)C2C1,0
O=C(c1ccc2c(c1)OCO2)C1CO1,1
CC(=O)OC(c1ccc2c(c1)OCO2)C1CO1,1
CCCC[NH+]([O-])O,0
C[NH+]([O-])O,0
C=C1C/C(=C/C)C(=O)O[C@H]2CCN3CC=C(COC(=O)[C@@]1(O)CO)[C@H]23,1
C=P1(C)N=P(C)(C)N=P(C)(C)N1,0
CC(/C=C(\C#N)c1ccc(F)cc1)C(c1ccccc1)C(C#N)c1ccc(F)cc1,0
CC(=C\C1=CCOC1=O)/C=C(C)/C=C/C=C(\C)C(=O)C12OC1C(O)(CCO)NC2=O,1
CC(=O)C1(O)C=C(OC2CC(N)C(O)C(C)O2)c2c(c(O)c3c(O)c4ccccc4c(O)c3c2O)C1,1
CC(=O)NC1=NC(c2ccc([NH+]([O-])O)o2)=NOC1,1
CC(=O)NN=Cc1c[n+]([O-])c2ccccc2[n+]1[O-],1
CC(=O)Nc1nc(-c2cc([NH+]([O-])O)cs2)cs1,1
CC(=O)Nc1nc(-c2ccc([NH+]([O-])O)o2)cs1,1
CC(=O)Nc1nc(/C=C/c2ccc([NH+]([O-])O)o2)cs1,1
CC(=O)Nc1nc(NC(C)=O)nc(-c2ccc([NH+]([O-])O)o2)n1,1
CC(=O)Nc1nnc(-c2ccc([NH+]([O-])O)o2)s1,1
CC(=O)OC(OC(C)=O)c1ccc([NH+]([O-])O)o1,1
CC(=O)OC1C(O)C2OC3C=C(C)C(OC(=O)CC(C)C)CC3(OC(C)=O)C1(C)C21CO1,0
CC(=O)OC1C(O)C2OC3CC(C)C(=O)C(=O)C3(CO)C1(C)C21CO1,0
CC(=O)OC1CC2C3(C)CCCC(C)(C)C3CCC2(C)C2(O)CC(C=O)=C(C=O)C12C,0
CC(=O)OC[N-][NH+](C)O,0
CC(=O)OCc1ccc(N=Nc2ccc(COC(C)=O)cc2)cc1,1
CC(=O)c1c(C)c([NH+]([O-])O)c(C(C)(C)C)c([NH+]([O-])O)c1C,0
CC(=O)c1ccc([NH+]([O-])O)[nH]1,1
CC(=O)c1ccc([NH+]([O-])O)cc1,1
CC(=O)c1ccc([NH+]([O-])O)o1,1
CC(=O)c1ccccc1[NH+]([O-])O,0
CC(C)(C)CC(C)(C)c1ccc(OCCOC[CH-][N+](C)(C)Cc2ccccc2)cc1,0
CC(CO)=[N+]([O-])O,0
CC(Cc1ccccc1)NOS(=O)(=O)ONC(C)Cc1ccccc1,0
CC(Cl)(Cl)[NH+]([O-])O,1
CC(O)=NN=Cc1c[n+]([O-])c2ccccc2[n+]1[O-],1
CC12C=CC(=O)C=C1CCC1C2C(O)CC2(C)C1CCC2(O)C(O)C=O,0
CC12C=CC3=C4CCC(=O)CC4=CCC3C1CCC2O,0
CC1=CC[C@@H]2C(C)=CC[C@H](C(C)(C)C)[C@H]2C1,0
CC1=NC(N)=CC2c3ccccc3NC12,1
CC1=NN(c2ccc([NH+]([O-])O)cc2)C(=O)C1[NH+]([O-])O,1
CC1C(O)CCC2=CC(=O)C3(C4OC4CO)OC3C21C,1
CC1CC2OC3C(O)CC(C)(C34CO4)C2(CO)C(=O)C1=O,0
CC1CN(N=Cc2ccc([NH+]([O-])O)o2)C(=O)N1,1
CC1COc2c(N3CCN(C)CC3)c(F)c(C(=O)O)c3c(=O)ccn1c23,1
CC=CC(=O)OC1CC2OC3=CC(C)C(=O)CC3(C)C1(C)C21CO1,0
CCC(C(C)O)=[N+]([O-])O,0
CCC(C)c1cc([NH+]([O-])O)cc([NH+]([O-])O)c1O,0
CCC(C)c1cccc(C(C)CC(CC)c2ccc(C[N+](C)(C)C)cc2)c1,0
CCC(CO)[NH+]([O-])O,0
CCC(Cl)[NH+]([O-])O,1
CCCCCC(=O)OC1(C(C)=O)CCC2C3CCC4=C(CCC(=O)C4)C3CCC21C,0
CCCCCCCCCCCCCC(=O)O[C@@H]1[C@H](C)[C@]2(O)[C@@H](C=C(CO)C[C@@]3(O)C(=O)C(C)=C[C@H]32)[C@H]2C(C)(C)[C@]21OC(C)=O,0
CCCCCCCCCCCCCCCCCC[N+](C)(C)[CH-]c1ccccc1,0
CCCCN(N=O)C(=N)N[NH+]([O-])O,1
CCCN1CCN(c2ccc([NH+]([O-])O)c3no[n+]([O-])c23)CC1,1
CCN(CC)c1ccc(C(=C2C=C[C-]([NH+](CC)CC)C=C2)c2cc(S(=O)(=O)O)ccc2S(=O)(=O)O)cc1,1
CCN(Cc1cccc(S(=O)(=O)O)c1)c1ccc(C(=C2C=C[C-]([NH+](CC)Cc3cccc(S(=O)(=O)O)c3)C=C2)c2ccc(O)cc2S(=O)(=O)O)cc1,0
CCN(Cc1cccc(S(=O)(=O)O)c1)c1ccc(C(=C2C=C[C-]([NH+](CC)Cc3cccc(S(=O)(=O)O)c3)C=C2)c2ccc(S(=O)(=O)O)cc2)cc1,0
CCOC(=O)N1CCN(c2ccc([NH+]([O-])O)c3no[n+]([O-])c23)CC1,1
CCOP(=S)(OCC)Oc1ccc([NH+]([O-])O)cc1,0
CCOP(O)(=NC(C)C)Oc1ccc(SC)c(C)c1,0
CCOc1ccccc1[NH+]([O-])O,1
CCc1c2c(cc3ccccc13)-c1ccccc1C1NC21,1
CN(C)C(=O)OC1=C[N+](C)(Br)[CH-]C=C1,0
CN(C)C/N=c1\[nH]nc(/C=C/c2ccc([NH+]([O-])O)o2)o1,1
CN(C)c1ccc(C(=C2C=C[C-]([NH+](C)C)C=C2)c2ccc(N(C)C)cc2)cc1,0
CN(C)c1ccc(C(=C2C=C[C-]([NH+](C)C)C=C2)c2ccccc2)cc1,0
CN(C)c1ccc(C2CC3(C)C(CCC3(O)C=CCO)C3CC=C4CC(=O)CCC4=C23)cc1,0
CN(C)c1ccc(C2CC3(C)C(CCC3(O)CCCO)C3CC=C4CC(=O)CCC4=C23)cc1,0
CN(C)c1ccc(N=Nc2ccc(OC3OC(CO)C(O)C(O)C3O)cc2)cc1,0
CN1CCN(c2ccc([NH+]([O-])O)c3no[n+]([O-])c23)CC1,1
CN1CN=C2C1=N[CH-][N+](O)=C2N,1
CN=P1(NC)N=P(NC)(NC)N=P(NC)(NC)N1,0
CNC(CC(=O)O)C(=O)N(C(C(N)=O)c1ccc(O)cc1)C1C(=O)N2C1SC(C)(C)C2C(=O)O,0
CNC1=C2CC(=O)C(OC)=CC=C2c2c(cc(OC)c(OC)c2OC)CC1,0
CNc1ccc(N(CCO)CCO)cc1[NH+]([O-])O,1
COC(=O)C12CC1(C=O)C(C=O)C=C1CC(C)(C)CC12,1
COC(=O)C1=C(C)NC(C)=C(C(=O)OC)C1c1ccccc1[NH+]([O-])O,0
COC(=O)CNC(=O)C(CSCCCl)NC(=O)CCC(N)C(=O)O,1
COC(=O)[C@]12O[C@@]1(C)[C@H](C(C)C)OC2=O,1
COC(=O)c1cccc2oc3c4c(cc(OC)c3c(=O)c12)OC1OC=CC41,1
COP(=S)(OC)Oc1ccc([NH+]([O-])O)cc1,1
COP(O)(=NC(C)=O)SC,0
COc1c(C(C)(C)C)cc([NH+]([O-])O)c(C)c1[NH+]([O-])O,0
COc1c(Cl)c(Cl)c([NH+]([O-])O)c(Cl)c1Cl,0
COc1c(O)c2c(c3oc(=O)c4c(c13)CCC4=O)C1C=COC1O2,1
COc1cc([NH+]([O-])O)c2ncccc2c1,1
COc1cc([NH+]([O-])O)ccc1/N=N/C(C(C)=O)C(=O)Nc1ccccc1OC,0
COc1cc2c(c3oc(=O)c4c(c13)C(Cl)C(Cl)C4=O)C1C=COC1O2,1
COc1cc2c(c3oc(=O)c4c(c13)[C@@H](O)C[C@@H]4O)[C@@H]1C=CO[C@@H]1O2,1
COc1cc2c(c3oc(O)c4c(O)ccc-4c13)C1C(O2)OC2OC21,1
COc1cc2c(c3oc(O)c4c(O)ccc-4c13)C1C=COC1O2,1
COc1ccc(C=Nn2nnc3c([nH]c4ccccc43)c2=O)cc1,1
COc1ccc(CN(C[CH-][N+](C)(C)Cl)c2ncccn2)cc1,0
COc1ccc([NH+]([O-])O)cc1/N=N/c1c(O)c(C(=O)Nc2cccc([NH+]([O-])O)c2)cc2ccccc12,1
COc1ccc([NH+]([O-])O)cc1N,1
COc1ccc([NH+]([O-])O)cc1[NH+]([O-])O,1
COc1ccc2c3c([nH]c2c1)C1CC2C(CN1CC3)C(OC(=O)/C=C/c1cc(OC)c(OC)c(OC)c1)CC(OC)C2OC(C)=O,0
COc1cccc2c(O)c3c(O)c4c(c(O)c3c(O)c12)C(=O)CC(O)(C(C)=O)C4,1
COc1cccc2c1C(=O)c1c(O)c3c(c(O)c1C2=O)C[C@@](O)(C(C)=O)C[C@@H]3O[C@H]1C[C@H](N(C)C)[C@@H](O)[C@H](C)O1,1
COc1nc(=O)n(CC(O)C[N-][N+]#N)cc1C,1
C[C@]12CC(C=O)=C(O)C[C@@H]1CC[C@@H]1[C@@H]2CC[C@@]2(C)[C@@H]1CC[C@]2(C)O,0
C[N+](C)(C)[CH-]CCl,0
C[N+](C)(C)[CH-]CO,0
C[N+]1(Cl)C=C(C(=O)O)C=C[CH-]1,0
C[N-][NH+](C)O,1
C[NH+](O)[N-]CC1OC(CO)C(O)C(O)C1O,0
Cc1c([NH+]([O-])O)cc([NH+]([O-])O)cc1[NH+]([O-])O,1
Cc1cc(N)ccc1NOS(=O)(=O)O,1
Cc1cc([NH+]([O-])O)ccc1N,1
Cc1cc2c(ccc3ccccc32)c2c1C(C)CC2,1
Cc1cc2ncccc2c2nc([N-][N+]#N)n(C)c12,1
Cc1ccc(/N=N/c2c(O)ccc3ccccc23)c([NH+]([O-])O)c1,1
Cc1ccc(N)c([NH+]([O-])O)c1,1
Cc1ccc(N=Nc2c(O)ccc3ccccc23)c([NH+]([O-])O)c1,1
Cc1ccc([NH+]([O-])O)c(N)c1,0
Cc1ccc2c(c1[NH+]([O-])O)C(=O)c1cccc([NH+]([O-])O)c1C2=O,1
Cc1ccc2ccccc2c1[NH+]([O-])O,1
Cc1cccc(C)c1Nc1cc(Cl)nc(SCC(=O)NCCO)n1,0
Cc1cccc(C)c1[NH+]([O-])O,1
Cc1cccc([NH+]([O-])O)c1,0
Cc1cccc([NH+]([O-])O)c1N,1
Cc1nc2cc([NH+]([O-])O)ccc2[nH]1,1
Cl/C=C/[CH-][N+]12CN3CN(CN(C3)C1)C2,1
Cn1c([NH+]([O-])O)cnc1COC(N)=O,1
Cn1cnc([NH+]([O-])O)c1Sc1ncnc2[nH]cnc12,1
N#CCc1ccccc1[NH+]([O-])O,1
N#Cc1cccc2c([NH+]([O-])O)cccc12,1
N#[N+][N-]CC(O)Cn1ccc(N)nc1=O,1
N=C(N)NN=C(/C=C/c1ccc([NH+]([O-])O)o1)/C=C/c1ccc([NH+]([O-])O)o1,1
N=C(NO)c1ccc([NH+]([O-])O)o1,1
N=C1NC(=O)N(C2CC(O)C(CO)O2)CC1=O,0
N=P(O)(O)N(CCCl)CCCl,1
N=P(O)(OCCC(=O)O)N(CCCl)CCCl,1
NC(=NO)c1ccc([NH+]([O-])O)o1,1
NC(=O)/C(=C/c1ccc([NH+]([O-])O)o1)c1ccco1,1
NC(=O)C(=Cc1ccc([NH+]([O-])O)o1)c1ccco1,1
NC(=O)N/N=C/c1ccc([NH+]([O-])O)o1,1
NC(=O)NN=Cc1ccc([NH+]([O-])O)o1,1
NC(=O)c1ccccc1[NH+]([O-])O,1
NC1=NCNc2c1ncn2C1OC(CO)C(O)C1=O,0
Nc1c(Br)cc([NH+]([O-])O)cc1[NH+]([O-])O,1
Nc1cc(Cl)c([NH+]([O-])O)cc1O,1
Nc1cc([NH+]([O-])O)cc(S(=O)(=O)O)c1O,0
Nc1ccc(N)c([NH+]([O-])O)c1,1
Nc1ccc([NH+]([O-])O)c(N)c1,1
Nc1ccc([NH+]([O-])O)cc1,1
Nc1ccc([NH+]([O-])O)cc1N,1
Nc1ccc([NH+]([O-])O)cc1[NH+]([O-])O,1
Nc1ccccc1[NH+]([O-])O,0
Nc1nc(-c2cc([NH+]([O-])O)cs2)cs1,1
Nc1nc(-c2ccc([NH+]([O-])O)o2)cs1,1
Nc1nc(/C=C/c2ccc([NH+]([O-])O)o2)cs1,1
Nc1nc(N)nc(-c2ccc([NH+]([O-])O)o2)n1,1
O=C(Cl)c1ccccc1[NH+]([O-])O,1
O=C(NC(CO)C(O)c1ccc([NH+]([O-])O)cc1)C(Cl)Cl,0
O=C(Nc1nc(-c2ccc([NH+]([O-])O)o2)cs1)C(F)(F)F,1
O=C(O)/C=C/c1ccc([NH+]([O-])O)o1,1
O=C(O)CCC(=O)OCC(NC(=O)C(Cl)Cl)C(O)c1ccc([NH+]([O-])O)cc1,0
O=C(O)c1ccc([NH+]([O-])O)cc1,1
O=C(O)c1ccc([NH+]([O-])O)o1,1
O=C(O)c1ccc2c([NH+]([O-])O)cccc2n1,1
O=C(O)c1cccc([NH+]([O-])O)c1,1
O=C1CN(/N=C/c2ccc([NH+]([O-])O)o2)C(=O)N1,1
O=C1CN(N=Cc2ccc([NH+]([O-])O)o2)C(=O)N1,1
O=C1N(CCO)CCN1N=Cc1ccc([NH+]([O-])O)o1,1
O=C1NC(=O)c2cc([NH+]([O-])O)ccc21,1
O=C1OC(=O)c2cc([NH+]([O-])O)ccc21,1
O=C1c2c3c(O)ccc4c3c(c3c(O)ccc(c23)C2OC12)C(O)C1OC41,1
O=C1c2ccc(O)cc2-c2ccc(O)c3cccc1c23,1
O=C1c2ccccc2C(=O)c2c1cc(OC1COC(OCC3OC(O)C(O)C(O)C3O)C(O)C1O)c(CO)c2O,1
O=CN1CCN(c2ccc([NH+]([O-])O)c3no[n+]([O-])c23)CC1,1
O=CNNc1nc(-c2ccc([NH+]([O-])O)o2)cs1,1
O=CNc1nc(-c2cc([NH+]([O-])O)cs2)cs1,1
O=CNc1nc(-c2ccc([NH+]([O-])O)s2)cs1,1
O=CNc1nc(/C=C/c2ccc([NH+]([O-])O)o2)cs1,1
O=NN(c1ccc([N+](=O)[O-])cc1)C1OC(CO)C(O)C1O,1
O=[N+]([O-])c1ccc(NC(O)=NCCCl)s1,1
O=[N+]([O-])c1ccc2c(c1)-c1cc3ccccc3c3cccc-2c13,1
O=[N+]([O-])c1cccc(/C=N/c2snc3ccccc23)c1,1
O=c1c2[nH]c3ccccc3c2nnn1N=Cc1ccc(Cl)cc1,1
O=c1c2[nH]c3ccccc3c2nnn1N=Cc1ccc(O)cc1,1
OC1C=Cc2c(cc3c(ccc4ccccc43)c2Br)C1O,0
OC=P(CO)(CO)CO,0
O[NH+]([N-]c1ccc(Cl)c(Cl)c1)c1ccc(Cl)c(Cl)c1,0
[CH2-][N+](C)(C)CCCl,0
[CH2-][N+](C)(Cl)C1C(O)C(C(N)=O)C(=O)C2(O)C(O)=C3C(=O)c4c(O)cccc4C(C)(O)C3CC12,0
[CH2-][N+](C)(Cl)c1ccc2cc3ccc(N(C)C)cc3nc2c1,1
[N-2][NH+]=CC(=O)OCC(N)C(=O)O,1
[N-]=[NH+]c1nc[nH]c1C(N)=O,1
[O-][N+](O)=C(Cl)Cl,1
[O-][N+](O)=CCO,1
[O-][NH+](O)/C(Br)=C/c1ccccc1,1
[O-][NH+](O)C(Br)(Br)Br,1
[O-][NH+](O)C(Br)(CO)CO,0
[O-][NH+](O)C(Cl)(Cl)Cl,1
[O-][NH+](O)C([NH+]([O-])O)([NH+]([O-])O)[NH+]([O-])O,1
[O-][NH+](O)CCO,1
[O-][NH+](O)OCC(CO[NH+]([O-])O)(CO[NH+]([O-])O)CO[NH+]([O-])O,0
[O-][NH+](O)c1c(Cl)c(Cl)c(Cl)c(Cl)c1Cl,0
[O-][NH+](O)c1c(Cl)c(Cl)cc(Cl)c1Cl,1
[O-][NH+](O)c1c(O)c(Cl)cc(Cl)c1Cl,0
[O-][NH+](O)c1c(O)ccc2ccccc12,1
[O-][NH+](O)c1c2ccccc2c2ccc3cccc4ccc1c2c43,1
[O-][NH+](O)c1c2ccccc2cc2ccccc12,1
[O-][NH+](O)c1cc(C(F)(F)F)cc([NH+]([O-])O)c1Cl,0
[O-][NH+](O)c1cc(C(F)(F)F)ccc1Cl,0
[O-][NH+](O)c1cc(Cl)c(Cl)c(Cl)c1Cl,0
[O-][NH+](O)c1cc([NH+]([O-])O)c(O)c([NH+]([O-])O)c1,1
[O-][NH+](O)c1ccc(-c2ccccc2)cc1,1
[O-][NH+](O)c1ccc(-c2nc(N3CCOCC3)c3ccccc3n2)s1,1
[O-][NH+](O)c1ccc(-c2nc(NCCO)c3ccccc3n2)s1,1
[O-][NH+](O)c1ccc(/N=N/c2c(O)ccc3ccccc23)c(Cl)c1,1
[O-][NH+](O)c1ccc(/N=N/c2c(O)ccc3ccccc23)c([NH+]([O-])O)c1,1
[O-][NH+](O)c1ccc(/N=N/c2ccccc2)cc1,1
[O-][NH+](O)c1ccc(CCO)cc1,1
[O-][NH+](O)c1ccc(CNCCO)o1,1
[O-][NH+](O)c1ccc(Cl)cc1,1
[O-][NH+](O)c1ccc(NCCO)c(OCCO)c1,1
[O-][NH+](O)c1ccc(Nc2ccc(O)cc2)c([NH+]([O-])O)c1,1
[O-][NH+](O)c1ccc(O)c([NH+]([O-])O)c1,0
[O-][NH+](O)c1ccc(O)cc1,0
[O-][NH+](O)c1ccc(Oc2ccc(Cl)cc2Cl)cc1,1
[O-][NH+](O)c1ccc(SSc2ccc([NH+]([O-])O)cc2)cc1,1
[O-][NH+](O)c1ccc2[nH]ccc2c1,1
[O-][NH+](O)c1ccc2[nH]cnc2c1,1
[O-][NH+](O)c1ccc2c(c1)Cc1cccc([NH+]([O-])O)c1-2,1
[O-][NH+](O)c1ccc2c3cccc4cccc(c5cccc1c52)c43,1
[O-][NH+](O)c1ccc2ccccc2c1,1
[O-][NH+](O)c1ccc2nc[nH]c2c1,1
[O-][NH+](O)c1cccc(C(F)(F)F)c1,0
[O-][NH+](O)c1cccc(I)c1,0
[O-][NH+](O)c1cccc2c([NH+]([O-])O)cccc12,1
[O-][NH+](O)c1cccc2cc[nH]c12,1
[O-][NH+](O)c1cccc2ncccc12,1
[O-][NH+](O)c1ccccc1-c1ccccc1,0
[O-][NH+](O)c1ccccc1C(F)(F)F,0
[O-][NH+](O)c1ccccc1CCO,1
[O-][NH+](O)c1ccccc1O,0
[O-][n+]1ccc([NH+]([O-])O)c2ccccc21,1
[O-][n+]1onc2c([NH+]([O-])O)ccc(N3CC3)c21,1
[O-][n+]1onc2c([NH+]([O-])O)ccc(N3CCN(CCO)CC3)c21,1
[O-][n+]1onc2c([NH+]([O-])O)ccc(N3CCN(Cc4ccccc4)CC3)c21,1
[O-][n+]1onc2c([NH+]([O-])O)ccc(N3CCN(c4ccccc4)CC3)c21,1
c1cc2c3c(cccc3c1)[C@H]1N[C@@H]21,1
