Smiles,Label
CCN(C(=O)Nc1ccc(c(c1)C(=O)C)OCC(CNC(C)(C)C)O)CC,0
COc1cc2O[C@H]3[C@H](c2c2c1c1CCOC(=O)c1c(=O)o2)CCO3,0
CCCCOCN(c1c(CC)cccc1CC)C(=O)CCl,1
O=CC1=C2CC(C[C@@H]2[C@H]([C@@]2([C@@]1(C=O)C2)C)O)(C)C,1
CCOC(=O)NNc1nncc2c1cccc2,1
CCCCC(COC(=O)c1ccc(cc1)C(=O)O)CC,0
Cc1c2ccc3c(c2nc2c1cccc2)cccc3,1
NCCc1cc(O)c(cc1O)O,1
CCCC(=O)OCc1ccc(cc1)[N+](=O)[O-],1
CCc1c2ccc3c(c2cc2c1cccc2)[C@@H]1O[C@@H]1[C@@H]([C@H]3O)O,1
ClC[C@@H]1[C@H](CCl)[C@@]2(C([C@@]1(Cl)C(=C2Cl)Cl)(Cl)Cl)Cl,0
CC(=O)OCc1cc(ccc1OC(=O)C)C(=O)C,1
ClCc1ccc(cc1)F,0
CO[C@H]([C@@](C(O)(C)C)(C(=O)OCC1=CCN2[C@H]1[C@H](CC2)OC(=O)/C(=C\C)/C)O)C,1
[O-][N+](=O)c1ccc(o1)/C=C/C(=O)NCCCCC,1
Clc1cc2S/C(=C/3\Sc4c(C3=O)c(C)cc(c4)Cl)/C(=O)c2c(c1)C,0
OCC1CC(C(O1)n1cnc2c1ncnc2N)O,1
Cc1ccc2c3c1CCc3c1c(-c3ccccc3[C@H]3[C@@H]1N3)c2,1
C[C@]1(OC1)c1ccccc1,1
O(c1cc(c(cc1Cl)Br)Cl)P(OC)(OC)=S,0
OCC(C(CO)O)NC(=O)C1CC([N+](=O)C1(C)C)(C)C,0
CNC[C@@H](c1ccc(c(c1)O)O)O,0
Clc1ccccc1S(=O)(=O)N,0
O=C(OCC)C(Oc3ccc(Oc1nc2ccc(cc2(nc1))Cl)cc3)C,0
OC(=O)c1ccc(cc1N)[N+](=O)[O-],1
ClCCOP(OCCCl)OCCCl,1
OC(=O)CBr,1
CCc1cc(cc(c1N)CC)c1ccccc1,0
OC1CCN(CC1)c1c(F)cc2c3c1CCC(n3cc(c2=O)C(=O)O)C,0
COc1cc(ccc1/N=N/c1cc(c2c(c1O)cccc2)S(=O)(=O)O)c1ccc(c(c1)OC)/N=N/c1cc(c2c(c1O)cccc2)S(=O)(=O)O,0
OC(=O)Cc1c[nH]c2c1cccc2,0
OC1C2(Cl)C3(C4(C1(Cl)C1(C2(C3(Cl)C(C41Cl)(Cl)Cl)Cl)Cl)Cl)Cl,0
CCN(CCOc1ccc2-c3c(C(=O)c2c1)cc(cc3)OCCN(CC)CC)CC,1
OC1C2C(=O)C3=C(O)c4c(C(=O)C53C1C1C32C(=C(O)c2c(C3=O)cc(cc2O)C)C(=O)C5C1O)cc(cc4O)C,0
CCO[P@@](=O)(c1ccccc1)Oc1ccc(cc1)[N+](=O)[O-],1
CCCC/C=C/C=C/C=C/C=C/C=C/OC[C@@H](CO)O,1
OCC(COP(=O)(O)O)O,0
O=C[C@H]([C@H]([C@@H]([C@H](O)C)N)O)O,0
CC(=O)Nc1ccc(cc1)N,1
N#Cc1cccc(c1)/C=C/c1ccc(cc1)[N+](=O)[O-],1
CCO[P@@](=O)(Oc1ccc(c(c1)C)SC)NC(C)C,0
Cc1ccccc1S(=O)(=O)N,0
[O-][N+](=O)c1ccc2c(c1)/c(=N/C(=O)c1ccccc1[N+](=O)[O-])/sn2C(=O)c1ccccc1[N+](=O)[O-],1
CC(=O)C1=C(C(=O)C(=C1)C(C)(C)C)C(C)(C)C,0
O=C1C=Cc2c(C31OC3(C)C(=O)C)cccc2,0
[O-][N+](=O)c1cc([N+](=O)[O-])c(c(c1)[N+](=O)[O-])Cl,1
OC(=O)c1ccccc1,0
O=C([C@H](Cc1c[nH]cn1)NC(=O)[C@@H](CS(=O)(=O)C(C)(C)C)Cc1ccccc1)N[C@H]([C@H]([C@H](C1CC1)O)O)CC1CCCCC1,0
O=C(N)C=C,1
Oc1cccc(c1)/C=N/c1snc2c1cccc2,1
CC(=O)N(c1ccc2-c3c(Cc2c1)cccc3)OC(=O)c1ccccc1,1
CCCCC/C(=C\c1ccccc1)/C=O,0
O=C(ON=C(C(=O)N(C)C)SC)NC,0
Nc1ccc2c(c1)[o+]c1c(c2c2ccccc2C(=O)O)ccc(c1)N,0
O=C(C1OC1c1ccccc1)c1ccc(cc1)c1ccccc1,0
O=C(C1C(C1(C)C)/C=C(/C(F)(F)F)\Cl)OCc1cccc(c1C)c1ccccc1,0
CCCCOC(=O)CCC,0
CC(=O)Nc1ccc2-c3c(Cc2c1)cc(cc3)NC(=O)C,1
OC(=O)c1cccc2c1nccc2,0
Oc1cc([N+](=O)[O-])c2c3c1ccc1c3c(cc2)ccc1,1
OC[C@H]([C@H]([C@@H]([C@H](CO)O)O)O)O,0
C[Si](O[Si](C)(C)C)(C)C,0
CCCCC(=O)Nc1snc2c1cc(Cl)cc2,0
CCCCCN1C2C1c1ccccc1-c1c2cccc1,1
O[C@@H]1[C@@H](O)[C@H]2O[C@]32c2c1cccc2-c1c3ccc2c1cccc2,1
Clc1ccc(cc1)CN1C2C1c1ccccc1-c1c2cccc1,1
Sc1nc2c([nH]1)cccc2,0
Nc1cc([N+](=O)[O-])c(c(c1C)C)N,1
O=C(O)c5cc(N=Nc1ccc(cc1)c2ccc(cc2)NN=C4C(=O)C=CC(=NNc3cc(ccc3(O))S(=O)(=O)O)C4(=O))ccc5(O),1
O=NN(Cc1cccc(c1)Br)C,1
Nc1ccc(cc1)Sc1ccc(cc1)N,1
BrCC(=O)c1oc(c(c1c1ccccc1)c1ccccc1)[N+](=O)[O-],1
Br[C@@H]1CC[C@H](Br)[C@H](Br)CC[C@H]([C@H](CC[C@H]1Br)Br)Br,0
CC(=O)Nc1cccc2c1cccn2,0
OCC1OC(Oc2ccc(cc2)N=Nc2ccc(cc2)N(C)C)C(C(C1O)O)O,0
Clc1cc(Cl)c(cc1O)Cl,0
CNC(=O)NO,0
[O-][N+](=O)c1ccccc1C(F)(F)F,0
OC1C=CC2C34C1Oc1c4c(CC2N(CC3)C)ccc1O,0
Oc1cc2c3c4c1cccc4ccc3ccc2[N+](=O)[O-],1
CC(COC(=O)C(=C)C)C,0
O=C(O)CCCCC(=O)O,0
O=C(O)CCC(=O)NN(C)C,1
Nc1ccc2c3c1ccc1c3c(cc2)ccc1[N+](=O)[O-],1
ClCCNC(=O)SC[C@@H](C(=O)NCC(=O)O)NC(=O)CC[C@@H](C(=O)O)N,1
OC1C(O)c2cccc3c2c2c1cc1ccccc1c2cc3,1
OC(=O)CCCC[C@@H]1SC[C@H]2[C@H]1NC(=O)N2,0
COc1cc2CCN(C3c2c(-c2cc4OCOc4cc2C3)c1O)C,0
Nc1cccc2-c3c(Cc12)cccc3,1
Clc1ccc2c(c1)Oc1c(O2)cc(cc1)Cl,0
CN(CCCNc1c2ccccc2nc2c1c(ccc2N(C)C)[N+](=O)[O-])C,1
COc1cc2O[C@@H]3[C@H](c2c2c1c1[C@@H](O)C[C@@H](c1c(=O)o2)O)C=CO3,1
O=S1CCOC(=C1C(=O)N)C,0
CC(=O)OCN=[N+](C)[O-],0
CCc1ccc(cc1)C(=O)NN(C(C)(C)C)C(=O)c1cc(C)cc(c1)CO,0
CC(=O)OCc1ccc(cc1)/N=N/c1ccc(cc1)N(C)C,1
ClCC(OP(=O)(OC(CCl)CCl)OC(CCl)CCl)CCl,1
O=C(O)c1ccccc1,0
CC/C=C/C=C/C=C/C=C/OC[C@@H](CO)O,1
C1CCCCCC2C(CCCC1)O2,0
CC(=O)Nc1ccc(cc1)Oc1ccc(cc1)[N+](=O)[O-],1
OCC12OOC2(C)c2c(O1)cccc2,0
O=C(Nc1ccc(cc1)Cl)OCC12OOC2(C)c2c(O1)cccc2,1
[N-]=[N+]=CC(=O)NCC(=O)N,1
O=C(O)C(Oc1ccc(cc1C)Cl)C,0
CC(CCOS(=O)(=O)C)C,1
O1CCC2(CC1)CO2,1
CC1CN(C)C2C(C1)c1cccc3c1c(C2)cn3C1CCCC1,1
CC(=O)Oc1ccccc1C(=O)Oc1ccccc1C(=O)O,0
O=C(O)C1C(C(=O)O)C2(C(=C(C1(C2(Cl)Cl)Cl)Cl)Cl)Cl,1
O=C(c1csc(c1)[N+](=O)[O-])Nc1ccccc1,1
COc1ccc(cc1OC)Cc1nccc2c1cc(OC)c(c2)OC,0
CSCC[C@@H](C(=O)OCC)NC(=O)[C@@H](NC(=O)[C@H](Cc1ccc(cc1)F)N)Cc1cccc(c1)N(CCCl)CCCl,1
c1ccc(cc1)c1ccc(cc1)c1ccccc1,0
[O-][N+](=O)c1ccc2-c3c4c(-c2c1)cc1ccccc1c4ccc3,1
CC(CN(CC(C)C)CC(C)C)C,0
COc1c2C(=O)c3ccccc3C(=O)c2cc(c1C=O)O,0
Cc1cc(c(c(c1)C(C)(C)C)O)C(c1ncc(n1C)[N+](=O)[O-])O,0
CCN1CCOCC1,1
O=C(c1csc(c1)[N+](=O)[O-])Nc1ccccc1C,1
COc1ccc2c(c1)c1oc(=O)ccc1c(c2)[N+](=O)[O-],1
O=c1c2cc3ccccc3c3c2c2c1cccc2cc3,1
[O-][N+](=O)NC(=N)N(N=O)CCC,1
COc1ccc(cc1)/C=N/n1nnc2c(c1=O)[nH]c1c2cccc1,1
CN(CCN(c1ccccn1)Cc1cscc1)C,0
OCC(Cc1ccccc1)CN=N#N,1
CCOC(=O)c1[nH]c2c(c1/N=C/c1ccc(cc1)NC(=O)C)cccc2,1
[O-][N+](=O)[CH-]CCCC,0
COC1=CC(=O)C=C/C/1=N\c1c2ccccc2nc2c1cccc2,0
[O-][N+](=O)c1cccc(c1N)C,1
ClCCC(=O)N(c1snc2c1cccc2)CC,1
Clc1c2ccc3c(c2cc2c1cccc2)cccc3,1
COC=O,0
C[N+](Cc1ccccc1)(C)C,0
O=C(O)C(N)CCP(=O)(O)C,0
O=[N+]([O-])OCC(CO[N+](=O)[O-])(CO[N+](=O)[O-])CO[N+](=O)[O-],1
CCOP(=O)(Oc1ccccc1C(=O)OC(C)C)NC(C)C,1
ClCCN(C(=O)NCC(=O)N)N=O,1
N#C/C(=C\C(C(C(c1ccc(cc1)F)C#N)c1ccccc1)C)/c1ccc(cc1)F,0
O=C(c1cccc(c1)[N+](=O)[O-])/N=c/1\sn(c2c1cc(cc2)[N+](=O)[O-])C(=O)c1cccc(c1)[N+](=O)[O-],1
OC1C=Cc2c(C1O)ccc1c2sc2c1cccc2,1
CCC(C)C,0
CC(Cc1ccc(cc1)[C@@H](C(=O)O)C)C,0
OCCNC(=O)CSc1nc(Cl)cc(n1)Nc1c(C)cccc1C,0
[O-][N+](=O)c1cc(Br)c(c(c1)[N+](=O)[O-])N,1
CCCC[C@H](COC(=O)CCCCC(=O)O)CC,0
CC(OC(=O)Cc1ccccc1)C,0
[O-][N+](=O)c1cccc2c1c(C)ccc2,1
CCn1c2ccc(cc2c2c1cccc2)N,1
CC(=O)Nc1nnc(s1)c1ccc(o1)[N+](=O)[O-],1
Clc1cccc2c1cccc2,1
COc1ccc(cc1)N=[N+](c1ccc(cc1)OC)[O-],1
Oc1ccnc2c1cccc2,0
[O-][N+](=O)c1c(C)cccc1C(=O)O,1
Cc1cnc2c(n1)ccc1c2nc(n1C)N,1
OC(=O)Cc1ccc(cc1)Cl,0
O=NN(CC(=O)C)C[C@H](O)C,1
COc1ccc(cc1N)N,1
CCOP(=O)(N1[C@@H]2[C@H]1c1ccccc1-c1c2cccc1)OCC,1
COc1ccc(cc1)CNC(=O)[C@H](Br)C,1
OC/C=C(\CCC=C(C)C)/C,0
n1c(nc(nc1NC(C)C)NC(C)C)OC,0
OCCCC1(O)CCC2C1(C)CC(c1ccc(cc1)N(C)C)C1=C3CCC(=O)C=C3CCC21,0
Nc1ccc(cc1)Oc1ccc(cc1)Oc1ccc(cc1)N,1
O=NN1CCSCC1,1
O=Nc1c(CC)cccc1CC,1
O1OC2c3c(C1c1c2cccc1)cccc3,0
NCC(=O)NCC(=O)N[C@H](C(=O)N[C@H](C(=O)O)CC(C)C)Cc1ccccc1,0
O=C(OCC(OC(=O)C)COC(=O)C)C,0
[O-][N+](=O)c1cc(C)c(c(c1)[N+](=O)[O-])O,0
OC(=O)/C=C/c1ccc(o1)[N+](=O)[O-],1
NCCNCCN,0
CC(CNC(=O)/C=C/c1ccc(o1)[N+](=O)[O-])C,1
CN[C@@H](C(=O)N([C@@H]1C(=O)N2[C@@H]1SC([C@@H]2C(=O)O)(C)C)[C@H](c1ccc(cc1)O)C(=O)N)CC(=O)O,0
CC(=O)NS(=O)(=O)c1ccc(cc1)N,0
CNc1nc(OCC(F)(F)F)nc(n1)N,0
O=C(c1ccc(cc1)Cl)c2ccc(cc2)Cl,0
Nc1cnc2c(c1)nc1n2cccc1,1
Clc1ccc(c(c1)Cl)C1(C=CCO1)Cn1cncn1,0
N#C/C(=N\OC(=O)OC(C)(C)C)/c1ccccc1,0
CCCCCCCCCCCCCCCC(=O)OCC1(O)CC23CC1CCC3C1(C(CC2)c2ccoc2C=C1)C,0
O=C1CCC2(C(=C1)C(C)CC1C2CCC2(C1CCC2(OC(=O)C)C(=O)C)C)C,0
N#Cc1ccc(cc1)CC(=NNC(=O)Nc1ccc(cc1)OC(F)(F)F)c1cccc(c1)C(F)(F)F,0
CCCCON=O,1
Cc1ccc2c3c1CCc3c1c(-c3ccccc3[C@H]3[C@@H]1O3)c2,1
O=C1c2ccccc2C(=O)c2c1ccc(c2O)C,1
c1ccc2cc3ccccc3(cc2(c1)),0
CCOc1cccc(c1)N,1
OC(=O)CCN[N+](C)(C)C,0
[O-][N+](=O)c1ccccc1Cl,1
ClC(=C[C@H]1[C@@H](C1(C)C)C(=O)OCc1cccc(c1)Oc1ccccc1)Cl,1
OC/C=C(\C=C/C=C(\C=C/C1=C(C)CCCC1(C)C)/C)/C,1
Cn1cc(cc(c1=O)Cl)C(F)(F)F,0
O=P(OOC)(OOC)OC(=CCl)c1cc(c(cc1Cl)Cl)Cl,0
COc1cc(OC)c2c(c1)OC1C2C2OC2O1,1
Nc1ncnc2c1cnn2CC(CN=N#N)O,1
n1cc(nc2ccccc12)OP(OCC)(OCC)=S,0
O=P(Oc1ccccc1)(Oc1ccccc1)Oc1ccccc1,0
CCCCN(CC(=O)CC)N=O,1
c1ccc(cc1)C(C)C,0
S=C=NCCc1ccccc1,1
CCC(C1NC(=O)C(=C1O)C(=O)C)C,0
OC(C)C,0
ONc1ccc(cc1)[N+](=O)[O-],1
Cc1c2C3OC3c3c(-c2cc2c1cccc2)cccc3,1
CCC(=O)O[C@@]1([C@H](C)C[C@@H]2[C@]1(C)C[C@@H](O)[C@H]1[C@H]2[C@@H](Cl)CC2=CC(=O)C=C[C@]12C)C(=O)COC(=O)CC,0
CCC(c1ccc(cc1)C[N+](C)(C)C)CC(c1cccc(c1)C(CC)C)C,0
c1ccc2c(c1)c1ccc3c4c1c(c2)C1NC1c4ccc3,1
[O-][N+](=O)c1cc(cc(c1O)[N+](=O)[O-])C(F)(F)F,0
CCN(C(=O)Cc1ccccc1)CC,0
OC[C@H]1CC[C@H](O1)n1cnc2c1ncnc2N,1
c1cc2ccc3c4c2c(c1)cc1c4c(C=C1)cc3,1
COc1nncc2c1cccn2,0
OC1C=Cc2c(C1O)c([N+](=O)[O-])c1c(c2)cccc1,0
Cc1cc(ccc1N=Nc1c(O)ccc2c1cccc2)N=Nc1ccccc1C,1
Nc1ccn(c(=O)n1)CC(CN=N#N)O,1
NC(=O)c1ccccc1C(=O)N,0
CCSCSP(=S)(OCC)OCC,0
S(Cc1ccccc1)Cc1ccccc1,0
[O-][N+](=O)c1ccc2c(c1)cn[nH]2,1
O=c1oc2cccc3c2c2c1cccc2cc3,0
CC(=O)O[C@@H]1Cc2c3c1c(C)ccc3cc1c2ccc2c1cccc2,1
O=C(N(c1c(cccc1CC)C)COCC)CCl,0
COCOC,0
Brc1ccc2c(c1)C1OC1C1C2CCCC1,0
OCC1OC(CC1O)n1cc(C)c(=O)[nH]c1=O,0
C1COCCO[C@@H]2CCCC[C@H]2OCCOCCOCCO[C@H]2[C@H](OCCO1)CCCC2,0
ClC[C@H](OP(=O)(O[C@@H](CCl)C)O[C@@H](CCl)C)C,0
COC(=O)c1ccc(cc1)C(=O)OC,0
CCCN(C(=O)n1cncc1)CCOc1c(Cl)cc(cc1Cl)Cl,0
COc1cc(/N=N/c2ccccc2)ccc1N,1
O(CC)P(OCC)(=S)SCSCC,0
[O-][N+](=O)c1ccc2c3c1cccc3CC2,1
Nc1ccc(cc1C)c2ccc(N)c(c2)C,1
CCCOC(=O)c1cc(ccc1N)Cc1ccc(c(c1)C(=O)OCCC)N,0
[O-][N+](=O)c1cc2ccc3c4c2c(c1O)ccc4ccc3,1
Oc1cc(O)c2c(c1)C(=O)c1c(C2=O)c(O)cc(c1)C(=O)O,0
NC(C(=O)O)C(C)C,0
OCc1ccc2c3c1ccc1c3c(cc2)ccc1,1
CNC(=O)CSP(=O)(OC)OC,1
O=C1c2ccccc2C(=O)c2c1c(O)c(c(c2)O)O,1
O=CN(/C(=C(\SC(=O)c1ccccc1)/CCOC(=O)c1ccccc1)/C)Cc1cnc(nc1N)C,0
N#N=Nc1nc2c(n1C)cc(cn2)c1ccccc1,1
c1ccc2-c3cc4ccc5c(c4cc3[C@@H]3[C@H](c2c1)N3)cccc5,1
N#N=NC(c1ccccc1)c1ccccc1,1
OC1C2OC2c2c(C1O)ccc1c2ccc[n+]1[O-],0
Clc1c2Oc3c(Oc2c(c(c1Cl)Cl)Cl)c(Cl)c(c(c3Cl)Cl)Cl,0
OC(c1ccc(cc1)CCc1ccccc1)Cn1cncc1,0
O=[N+]([O-])c1ccc(N)cc1,1
CCN(c1ccccc1)CC,0
Cc1c(C)ccc(c1C)C,0
CC(=C)C(=O)OCCO,0
COC(=O)c1ccc(c2c1nc1ccccc1c2NCCCN(C)C)[N+](=O)[O-],1
OC(=O)c1cc2ccccc2cc1O,0
OC1C(OCC(C1O)O)Nc1ccc(cc1)[N+](=O)[O-],0
Cn1c2ccc3c(c2c2c1ccc1c2cccc1)cccc3,1
OC(=O)c1ccccc1c1c2cc(Br)c(c(c2oc2-c1cc(Br)c(=O)c2Br)Br)O,1
[O-][N+](=O)c1ccc2c3c1c1ccccc1c1c3c([C@H]3[C@@H]2O3)ccc1,1
c1ccc2-c3cc4c(nc3C3C(c2c1)O3)ccc1c4cccc1,1
COc1ccc(cc1)OC,0
[O-][n+]1ncc2c(c1)nccc2,0
COc1cc(N=Nc2ccccc2)ccc1[N+](=O)[O-],1
CCCCC1CO1,0
CC12OOC2(C)c2c(O1)cccc2,1
C/C=N\O,1
O=c1[nH]c(=O)n(cc1F)[C@H]1CCCO1,0
CCCCCC,0
CCN([N+](=NO)[O-])CC,1
OC(=O)c1ccco1,0
OC[C@@H](CBr)Br,1
c1coc(c1)c1nc2c([nH]1)cccc2,0
CCCCC[C@](/C=C/[C@H]1[C@H](O)CC(=O)[C@@H]1C/C=C/CCCC(=O)O)(O)C,0
CC(=O)OCc1c(O)cc2c(c1O)C(=O)c1c(C2=O)cccc1,1
COc1nc(nc(c1)OC)NC(=O)NS(=O)(=O)c1n(C)nc(c1C(=O)OC)Cl,0
S=P(N1CC1)(N1CC1)N1CC1,1
O=[N+]([O-])c1cc(c(c(c1)[N+](=O)[O-])N([N+](=O)[O-])C)[N+](=O)[O-],0
CSC1=N[C@@](C(=O)N1)(C)c1ccccc1,0
Nc1ccc(cc1)Oc1ccc(c(c1)N)N,1
OC(=O)CC(C1CCCS(=O)(=O)C1)CC(=O)O,0
NNCCO,1
CC(=O)N[C@H](C(=O)O)CSCCCl,1
[O-][N+](=O)c1ccc2c(c1)nc1c(n2)c(ccc1)[N+](=O)[O-],1
ClCCSCC(C(=O)NCC(=O)OC)NC(=O)CCC(C(=O)O)N,1
OC(=O)c1ccc(c(c1C)C1=NOCC1)S(=O)(=O)C,0
c1ccc2-c3c4c(-c2c1)cc1cccc2c1c4c(cc3)C1C2O1,1
O=C(OCCCCCCCC)c1ccccc1(C(=O)OCCCCCCCC),0
Cc1cc(C)c(cc1N=Nc1cc(c2c(c1O)cccc2)S(=O)(=O)O)S(=O)(=O)O,0
OCc1c2ccc3c4c2c(c2c1cccc2)ccc4ccc3,1
CNC(=O)c1cccc(c1)NCC(=O)NCCc1ccc(c(c1)OC)OC,0
Nc1ccc(cc1)Cc1ccc(cc1)N,1
Cl/C=C(\SCc1ccccc1)/Cl,1
ClSC(Cl)(Cl)Cl,1
C(=C[As](Cl)Cl)Cl,0
CCN(C(=O)N(c1ccccc1)CC)c1ccccc1,0
CNC(=O)Oc1ccc2c(c1)[C@]1(C)CCN([C@@H]1N2C)C,0
CN([C@@H]1C(=O)C(=C([C@@]2([C@@H]1C[C@H]1C(=C2O)C(=O)c2c([C@@]1(C)O)cccc2O)O)O)C(=O)N)C,0
O=C(N(OC(=O)c1ccccc1)OCc1ccccc1)c1ccccc1,1
OCCOc1ccccc1,0
n1cnc(N)[nH]1,1
CCOC(=O)c1[n+]([O-])nnc2c1n(C)c1c2cccc1,1
N#C/C(=C\C=C\c1ccccc1)/c1ccc(cc1)F,1
Oc1ccc2c(c1)c1ccc3c(c1cc2)cccc3,1
CC(=O)Nc1nc2c(n1C)c(C)cc1c2cccn1,1
COc1ccc(cc1)c1[nH]c(nc1c1ccc(cc1)OC)c1ccc(cc1C)C,1
OCCCCCCC/C=C/C=C/C,0
N#Cc1ccccc1Oc1ncnc(c1)Oc1ccccc1C(=O)O,0
Nc1ccc2ccccc2(c1),1
O=Cc1ccc(o1)[N+](=O)[O-],1
CNC(=O)Oc1cccc2c1OC(C2)(C)C,0
CC(=O)Nc1cc2Cc3c(-c2cc1O)cccc3,0
CC(C1(C)N=C(NC1=O)c1nc2ccccc2cc1C(=O)O)C,0
Clc1ccc(cc1)CCC(C(C)(C)C)(Cn1cncn1)O,0
CC(=C)C#N,0
CC(=O)OC[C@@H](CO)O,1
O=C1NCCCCC1,0
COc1c(OC)cc2c(-c3ccc(c(=O)cc3[C@H](CC2)NC(=O)C)OC)c1OC,0
Oc1c2ccccc2nc2c1cco2,0
Cl[Si](Cl)(Cl)Cl,0
O=C5C(=NNc1ccccc1)C(=Cc6cc(c(N=Nc2ccc(cc2)c4ccc(N=Nc3ccc(N)cc3(N))cc4)c(N)c56)S(=O)(=O)O)S(=O)(=O)O,1
CC(=O)Nc1ccc2c(n1)cccc2,0
O=C(N(C)C)Nc1ccc(cc1)C(O)(C)C,0
O=NN(CC(=O)C)CC(=O)C,1
CCOS(=O)(=O)C,1
CC(=O)OCc1ccc(cc1)N=Nc1ccc(cc1)COC(=O)C,1
Clc1ccc(cc1)C[C@@H]1OC1,1
Cc1ccc2c(c1)cc1c(c2)c2ccccc2cc1,1
O=C=NC,0
CC(=O)Oc1ccccc1C(=O)O,0
OC[C@H]1O[C@@H](O[C@@]23C=C(C)C4([C@]([C@@H]3C(=O)C(C2)(C)C)(C)O)CC4)[C@@H]([C@H]([C@@H]1OC(=O)/C=C/c1ccc(cc1)O)O)OC(=O)C,1
COc1c(O)c2OC3C(c2c2c1c1CCC(=O)c1c(=O)o2)C=CO3,1
CC(=O)OCC12CCC(=CC1OC1C3(C2(C)C(OC(=O)C)C1O)CO3)C,0
O=C1CCc2c1c1ccc3c(c1c1c2CCC1)cccc3,0
Oc1cc2c3c4c1cccc4ccc3cc1c2cccc1,1
O=CNc1ccc2-c3c(Cc2c1)cccc3,1
O=C(NC(C(=O)O)Cc1c[nH]c2c1cccc2)COc1ccc(cc1Cl)Cl,0
Cc1c(C)cccc1C,1
Cc1cc(C)cc(c1)C(=O)N(C(C)(C)C)NC(=O)c1ccc(cc1)C(O)C,0
CCONC(=C1C(=O)CC(CC1=O)c1c(C)cc(cc1C)C)CC,0
OCC1(CO1)C12OC2C2(C(=CC1=O)CCC(C2C)O)C,1
O=C1[C@@]2(C)CC[C@@H](C1(C)C)C2,0
CC1NCCN(C1)c1cc2c(c(c1F)C)c(=O)c(cn2C1CC1)C(=O)O,0
OCCOC,0
Cc1cc(C)c(c(c1N)C)N,1
CCCC(=O)Cl,1
Cc1ccc(cc1/N=[N+](/c1cc(ccc1C)[N+](=O)[O-])\[O-])[N+](=O)[O-],0
ClC(=O)c1ccccc1F,1
OCc1c(O)cc2c(c1O)C(=O)c1c(C2=O)cccc1,1
O=C(OC4CC3=CCC1C(CCC2(C)(C(CCC12)C(C)CCCC(C)C))C3(C)CC4)Cc5ccc(cc5)N(CCCl)CCCl,1
C/C=C\1/CC(=C)[C@](O)(CO)C(=O)OCC2=CCN3[C@H]2[C@@H](OC1=O)CC3,1
CC(c1ccccc1)(OOC(c1ccccc1)(C)C)C,0
N#Cc1ccc2c(c1)nc([nH]2)N,1
SCCC(=O)N1[C@@H](CS[C@H]1c1ccccc1O)C(=O)O,0
N#CC(/N=N/C(C#N)(C)C)(C)C,0
Nc1nc2-c3cccnc3CCc2s1,1
CC(=O)O[C@@H]1C(=O)O[C@H]2[C@H]1OC(=O)[C@@H]2OC(=O)C,0
C1CC[C@@H]2[C@@H](C1)CCCC2,0
CCOC(=O)[C@H](Br)C,1
COP(=S)(Oc1ccc(c(c1)C)N)OC,1
Br/C=C/Br,1
CCCC[C@H](COC(=O)c1ccccc1C(=O)OC[C@@H](CCCC)CC)CC,0
Fc1ccc2-c3c(C(c2c1)C)cc(cc3)F,1
CN(c1ccc(cc1)C1(OC(=O)c2c1ccc(c2)N(C)C)c1ccc(cc1)N(C)C)C,0
ClC1=C(Cl)C(=C(C1(Cl)C1(Cl)C(=C(C(=C1Cl)Cl)Cl)Cl)Cl)Cl,1
CCc1ccc2-c3c(-c4c2c1ccc4)cccc3,0
CC1CCC2C(C3(C1C=CC3=O)C)OC(=O)C2=C,0
c1cc(c(cc1c2ccc(c(c2Cl)Cl)Cl)Cl)Cl,1
Cl/C=C(/c1cc(Cl)c(cc1Cl)Cl)\OP(=O)(OC)OC,0
CCOC(=O)OCC,0
CCCCCCCCCCCCCCCC(=O)OC[C@@H]([C@@H]1OC(=O)C(=C1O)O)O,0
Oc1ccc(c2c1C(=O)c1ccccc1C2=O)O,1
Nc1sc2c(n1)cc(c(c2)Cl)Cl,0
COc1ccc2c(-c3nccc4c3c(C2=O)c(O)c(c4)OC)c1,1
BrC(C(Br)C)COP(=O)(OCC(C(Br)C)Br)OCC(C(Br)C)Br,1
[O-][N+](=O)c1ccc(cc1)/C=C/c1ccccc1,1
CCCC[C@H](COC(=O)c1ccc(c(c1)[N+](=O)[O-])N(C)C)CC,1
OC(=O)[C@@H](Cc1c[nH]c2c1cccc2)N,0
OC[C@@H]1O[C@@H]1[C@@]12O[C@H]2[C@@]2(C(=CC1=O)CC[C@H]([C@H]2C)O)C,1
n1ccccc1,0
C[C@H]1C[C@@H](C)C(=O)[C@H](C1)[C@H](CC1CC(=O)NC(=O)C1)O,0
Nc1ccc2c(c1)c(O)c(c(c2)S(=O)(=O)O)/N=N/c1ccc(cc1)c1ccc(cc1)/N=N/c1ccc(c(c1)C(=O)O)O,1
OO[C@]12C=C[C@@H]3[C@@H]([C@@]2(C)CC[C@@H](C1)O)CC[C@]1([C@H]3CC[C@H]1[C@@H](CCCC(C)C)C)C,1
[O-][n+]1cnc2c(c1N)ncn2C(c1ccccc1)(c1ccccc1)c1ccccc1,1
Oc1cccc(c1)Nc1ccccc1,0
Clc1ccc(c(c1)Cl)n1c(nc2c(c1=O)cc(cc2)F)n1cncn1,0
CC(c1ccc(cc1)NC(=O)N(C)C)C(=O)O,0
CC(C(C)(C)C)OP(=O)(F)C,0
O=P(Oc1ccc(c(c1)C)SC)(OCC)NC(C)C,0
OCCCNC(=O)C(C(CO)(C)C)O,0
CC(=C)C,0
OCCSN=O,1
CCCCCCCCCCCCO,0
O=NN(CC(=O)C)C,1
CCc1ccc(cc1)NC(=O)c1csc(c1)[N+](=O)[O-],1
CCCn1cc2c3c1cccc3C1C(C2)N(C#N)CC(C1)C,1
C[C@]12CC[C@H](CC1)C(O2)(C)C,0
Cc1cc(O)c2c(c1)C(=O)c1c(C2=O)c(O)cc(c1c1c(O)cc(c2c1C(=O)c1cc(C)cc(c1C2=O)O)O)O,0
CCc1ccc(cc1)[N+](=O)[O-],0
[O-][N+](=O)c1ccc(cc1)N=Nc1c(N)c2c(cc1S(=O)(=O)O)cc(c(c2O)N=Nc1ccccc1)S(=O)(=O)O,1
Oc1ccc2c(c1)c1c(cc2)ccc2c1n(C)cc2,1
O=C(OC2CCN1CC=C(COC(=O)C(O)(C(OC)C)C(O)(C)C)C12)C(=CC)C,1
CN(CC/C=C\1/c2ccccc2OCc2c1cccc2)C,0
O=CC1=CC(C)C2C(C=C1C=O)CC(C2)(C)C,0
COc1ccc(cc1)c1c(onc1c1ccc(cc1)OC)CC(=O)O,0
O(c1ccc(N)cc1)c2ccc(N)cc2,1
CC(=O)OC/C=C(/C=C/C=C(/C=C/C1=C(C)CCCC1(C)C)\C)\C,0
FC(F)(Cl)Cl,0
[O-][n+]1cccc2c1c(O)ccc2,0
CO[C@@H]1OC1(C)C,1
CCCCCCCCCCCC(=O)N(CCO)CCO,0
O=C(N(C)C)Cl,1
CC(C(=O)N)Br,1
NCCN,0
BrC1COC(C1)(Cn1cncn1)c1ccc(cc1Cl)Cl,0
Nc1ccc2c(c1)[n+](C)c1c(c2)ccc(c1)N,1
Nc1scc(n1)c1cccnc1,0
OC1C=Cc2c(C1O)cc(c1c2cc2ccccc2c1)C,1
OCC1OC(Oc2cc(C)ccc2NS(=O)(=O)N(C)C)C(C(C1O)O)O,0
CCN(N(N=O)O)CC,1
Cc1cc2cccc3c2c2c1c1ccccc1cc2cc3,1
O=Cc1ccc2-c1cc(ccc2C)C(=C)C,1
OC1Cc2c3c1c(C)ccc3cc1c2ccc2c1cccc2,0
OC(=O)c1cc(c(cc1NCc1ccco1)Cl)S(=O)(=O)N,0
Fc1ccc(cc1)NC(=O)c1csc(c1)[N+](=O)[O-],1
C=CC(=O)OCC(COC(=O)C=C)(C)C,0
CC(=O)Nc1cccc2c1ncc(c2)F,1
CS(=O)(=O)OCCCNCCCOS(=O)(=O)C,1
CC(CCC[C@H]([C@@H]1CC[C@H]2[C@]1(C)CC[C@@H]1[C@H]2CC2([C@H]3[C@]1(C)CC[C@@H](C3)Br)S(=O)(=O)CCS2(=O)=O)C)C,1
COc1cc(F)ccc1[N+](=O)[O-],1
Oc1ccc2c(c1N=Nc1ccccc1)ccc(c2)S(=O)(=O)O,0
O=C(N[C@H](C(=O)O)C)COc1ccc(cc1Cl)Cl,0
C[C@@H](c1ccccc1)N(C)C,0
Oc1ccccc1C,0
O=C1O[C@H]2CC[N@]3[C@@H]2C(=CC3)COC(=O)[C@]([C@]([C@H]1C)(C)O)(C)O,0
c1ccc2c(c1)cc1c(c2)cccc1,1
Cc1cc(ccc1N=Nc1cc(c2c(c1N)cccc2)S(=O)(=O)O)c1ccc(c(c1)C)N=Nc1cc(c2c(c1N)cccc2)S(=O)(=O)O,0
O=C1CCc2c1ccc1c2c(C)cc2c1cccc2,1
CCOc1ccc(cc1)N=[N+](c1ccc(cc1)OCC)[O-],0
OCC1OC(CC1O)n1cc(I)c(nc1=O)N,0
OCC(C(C(C(C1SCC(N1N=O)C(=O)O)O)O)O)O,0
OC[C@H]1O[C@H](C[C@H]1O)n1cc(O)c(nc1=O)N,0
OCCN(C(=O)Nc1ccc(c(c1)Cl)Cl)C,0
O=[N+]([O-])c4cc3cccc2ccc1cccc4(c1c23),1
c1cc(cc(c1)Br)Br,0
O=Nn1cc(c2c1cccc2)C[C@@H](C(=O)O)O,1
OCCCN=N,1
N#N=NCC(Cn1cnc2c1nc(N)nc2N)O,1
COCCN(c1cc(NC(=O)C)c(cc1OC)n1nc2c(n1)c(Br)cc(c2Cl)N)CCOC,1
CCCCOC(=O)COc1ccc(cc1Cl)Cl,0
O=C1c2ccccc2-c2c1ccc1c2cccc1,1
[O-][N+](=O)c1cc2ccccc2c2c1c(cc1c2OCO1)C(=O)O,1
CC(Sc1cc(ccc1N)Cc1ccc(c(c1)SC(C)C)N)C,1
c1cc(c(c(c1)C)C)C,0
Cc1ccc(c(c1)C)OP(=O)(Oc1ccc(cc1C)C)Oc1ccc(cc1C)C,0
COP1(=S)OCc2c(O1)cccc2,1
ONc1nc2c(n1C)cc(cn2)c1ccccc1,1
Oc1ccc2c(c1N)cccc2,0
c1ccc2c(c1)c1ccc3c4c1c(c2)Cc4ccc3,1
OC[C@H](CN(C[C@H](O)C)N=O)O,1
OCC(=O)[C@@]1(O)C[C@H](O[C@H]2C[C@H](N)C[C@@H](O2)C)c2c(C1)c(O)c1c(c2O)C(=O)c2c(C1=O)cccc2OC,1
OC(=O)C1OC(Oc2ccc3c4c2ccc2c4c(cc3)cc3c2cccc3)C(C(C1O)O)O,0
Clc1nnc(c2c1cccc2)Cl,0
N#N=Nc1ccc2c(c1)nc1c(c2Nc2ccc(cc2OC)NS(=O)(=O)C)cccc1,1
O=C1C2(Cl)C3(C4(C1(Cl)C1(C2(C3(Cl)C(C41Cl)(Cl)Cl)Cl)Cl)Cl)Cl,0
CCCCOC(=O)c1ccc(cc1)N,0
CCOc1snc(n1)C(Cl)(Cl)Cl,0
ClCCOC(=O)Cc1c(C(=O)O)c2c(n1C)cccc2,1
Cc1ccc(cc1)S(=O)(=O)NC1CCCCC1,0
c1ccc2-c3c(Cc2c1)ccc1c3c2ccccc2cc1,0
Nc1ccc(cc1)O,0
OC1C2OC2c2c(C1O)ccc1c2ccc2c1cccc2,1
O=C(NCc1ccccc1)CCNNC(=O)c1ccncc1,1
CCOC(=O)c1ccccc1N,0
O(CC)P(CC)(=S)Sc1ccccc1,0
BrC(Br)Br,1
ClC1=C(Cl)[C@@]2(C([C@@]1(Cl)[C@@H]1[C@H]2[C@H]2C[C@@H]1[C@@H]1[C@H]2O1)(Cl)Cl)Cl,0
c1cc(cc(c1)Cl)c2cc(cc(c2)Cl)Cl,1
ClCCN[P@]1(=O)OCCCN1CCCl,1
[O-][N+](=O)c1c2ccccc2c(c2c1cccc2)[N+](=O)[O-],0
Oc1ccc(cc1)C1CC(=O)c2c(O1)cc(cc2O)O,0
Cc1cnc2c(n1)c1nc(n(c1c(c2C)C)C)N,1
O=C/C(=C(/C(=O)O)\Cl)/C,1
Nc1ccc(cc1C)Cl,1
N1[C@@H]2[C@H]1c1cscc1-c1c2csc1,1
c1ccc2c(c1)cc3ccc4cccc5ccc2c3c45,1
OC(=O)C(=O)O,0
o2c1cc(c(c(c1c3c2cc(c(c3Cl)Cl)Cl)Cl)Cl)Cl,1
[O-][N+](=O)c1ccc2c(c1)CC=C2,1
C1=Cc2c(C1)ccc1c2ccc2c1cccc2,1
N#Cc1c(Cl)cccc1Cl,0
O=Cc1ccc(cc1)Cl,0
Cc1ccc(cc1)c1nc2n(c1[N+](=O)[O-])CCS2,1
O=C(ON=C(C)SC)NC,0
OC[C@]12[C@@H](C=C(C(=O)[C@@H]1O)C)O[C@@H]1[C@]3([C@@]2(C)C[C@@H]1O)CO3,0
CCCCC(C(C(OC(=O)CC(C(=O)O)CC(=O)O)CC(CCCCCCC(CC(C(N)C)O)O)C)OC(=O)CC(C(=O)O)CC(=O)O)C,0
Clc1cccc(c1)NS(=O)(=O)c1cccc2c1nccc2,0
COC(=O)COc1ccc(cc1Cl)Cl,0
[O-][N+](=O)c1cc2cc(cc(c2c(c1)[N+](=O)[O-])[N+](=O)[O-])[N+](=O)[O-],1
NC(=O)CN1C[C@@H](CC1=O)O,0
CCOC(=O)c1ccc(cc1)N(C=O)O,0
OS(=O)(=O)Oc1ccc2c3c1ccc1c3c(cc2)cc2c1cccc2,1
Cc1cccc2-c3c([C@H](c12)C)cccc3,1
O=C(C1CSC(C(=O)N1)C)NC(C(=O)N1CCCC1C(=O)N)Cc1c[nH]cn1,0
CC(=O)Nc1ccc(cc1)OC(=O)c1ccccc1OC(=O)C,0
NC(=S)N,0
CC(=O)OCc1ccc2c(c1)OCO2,0
COc1ccc2c(c1)ccc(c2)C(C(=O)O)C,0
ClCCNC(=O)N(CCCl)N=O,1
CCCCOCCOCCO,0
C/C=C/CC#N,0
O=NN(C1OCC(C(C1O)O)O)CCc1c[nH]c2c1cccc2,1
OC(=O)c1ccccc1C(=O)O,0
O=C(Nc1ccc(c(c1)Cl)Cl)N(OC)C,0
OOCc1cn([C@H]2C[C@H]([C@H](O2)CO)O)c(=O)[nH]c1=O,1
CCC1=C(O)C(=O)c2c(C1=O)c(O)c(c(c2O)O)O,1
O=CC=C,0
N#CCc1cn(c2c1cccc2)N=O,1
CCCCCCCCCCCCCC=C,0
NNc1nncc2c1ccnc2,1
O=CNc1ccc(cc1)Oc1ccc(cc1Cl)Cl,1
O=C1c2ccccc2CN2N1Cc1ccccc1C2=O,0
C(C[C@@H]1OC1)CC[C@@H]1OC1,1
O=C(NS(=O)(=O)c1ccccc1Cl)NC(=N)/N=C(/O)\N,0
CCC([N+](=O)[O-])CC,0
COc1ccc(cc1)C(C(Cl)(Cl)Cl)c1ccc(cc1)OC,0
CC(=O)c1ccc([nH]1)[N+](=O)[O-],1
CC1CCc2c(C1)occ2C,0
CC/C=C/C=C/C=C/C=C/C=C/OC,1
NCCN1CCNCC1,0
[O-][N+](=O)c1ccc(o1)/C(=N/O)/N,1
CN(c1ccc2c(c1)nc1c(c2)ccc(c1)N(C)C)C,1
C/C=C\1/CC(=C)[C@](O)(CO)C(=O)OCC2=CC[N@@]3[C@H]2[C@H](OC1=O)CC3,1
Oc1ccc(cc1)C1(CCCCC1)c1ccc(cc1)O,0
[O-][n+]1c2ccc3c(c2cc2c1ccc1c2cccc1)cccc3,0
O=C/C(=C\c1ccccc1)/C,0
CCCCCN(CCCC)N=O,1
O=NN1CN2CN(C1)CN(C2)N=O,1
N#[N+]c1ccc(cc1)[N+](=O)[O-],1
O=C1C(=NN=C(N1(N))SC)C(C)(C)C,0
[O-][N+](=O)c1cc(Cl)c(c(c1)Cl)N,1
COc1nc(NC(=O)N)nc(c1)OC,0
Nc1ccc2c(c1N=Nc1ccc(cc1)c1ccc(cc1)N=Nc1cc(c3c(c1N)cccc3)S(=O)(=O)O)c(O)cc(c2)S(=O)(=O)O,1
Brc1ccc2c(c1)C=CC1C2CCCC1,0
O=NN1CCCCC1,1
O=P(OC(C)C)(OC(C)C)C,0
[O-][N+](=O)c1ccc(c(c1)Cl)Cl,1
N#Cc1ccc(cc1)C1(C)OC1,1
COc1cccc2c1C1(C)OOC1(O2)C,1
OC1C=Cc2c(C1O)c1cccnc1cc2,0
Nc1ccc(cc1)c1cc(Cl)c(c(c1)Cl)N,1
Clc1ccc(c(c1)Cl)C(Cn1cncn1)COC(C(F)F)(F)F,0
COP(=S)(Oc1ccc(cc1)[N+](=O)[O-])OC,1
Oc1ccc2c(c1/N=N/c1ccc(cc1)S(=O)(=O)O)cccc2,0
NNc1nnc(c2c1cccc2)NN,1
C(CSCCCl)Cl,0
O=C(Nc1ccc(c(c1)Cl)Cl)Nc1ccc(cc1)Cl,0
c1ccccc1,1
c1ccc2c(c1)[nH]cn2,0
c1ccc2c(c1)cc1c(c2)c2ccc3c(c2cc1)cccc3,0
[O-][n+]1cccc2c1C=CC1C2O1,0
n1ccc(N)cc1,0
Nc1ccc(cc1)NC(=O)c1ccc(cc1)C(=O)O,0
Cc1ccc2c(c1)c(N)c1c(n2)cccc1,1
c1cnc2c(c1)CCC1C2O1,0
C=1(C(=C(C(C=1Cl)(Cl)Cl)Cl)Cl)Cl,0
O=C1Cc2cc3cc(ccc3cc2C(C1O)O)[N+](=O)[O-],0
COc1cc2OC3C(c2c2c1c1CCC(=O)c1c(=O)o2)(O)C=CO3,1
OCCC1(O)NC(=O)C2(C1O2)C(=O)/C(=C/C=C/C(=C/C(=C/C1=CCOC1=O)/C)/C)/C,1
O=C(OC)C(=C)C,0
Fc1ccccn1,1
C=CC(=O)OCCN(C)C,0
ClCCN(c1ccc(cc1)c1[nH]c2c(n1)cc(cc2)CCCCCCc1nc2c([nH]1)ccc(c2)N1CCN(CC1)C)CCCl,0
[O-][n+]1cnc2c(c1N)ncn2C(c1ccccc1)c1ccccc1,1
CC(OS(=O)(=O)C)C,1
O=c1nc[nH]c2c1cccc2,0
CC(OC)CCO,0
Oc1ccc2c(c1)oc(=O)cc2C,0
CCOS(=O)(=O)c1ccccc1,1
[O-][N+](=O)c1cnc(s1)N,1
O=S1(=O)OCCCO1,1
n2c(N)c(c3[nH]c1ccccc1c3(c2C))C,1
O=C(OCC)C(O)(c1ccc(cc1)Cl)c2ccc(cc2)Cl,1
S1CC1,1
ClCCN(c1c(OC)ccc2c1cc(o2)[N+](=O)[O-])CCCl,1
O=NN(C(=O)N)C,1
CC1(C)[C@@H]2C[C@H]3[C@]([C@H]1C2)(C)O3,0
OCC(COc1ccc(cc1)C(c1ccc(cc1)OCC(CO)O)(C)C)O,0
CCCCN(CCCC)CCO,0
Nc1ccc2c(c1)c(O)c(c(c2)S(=O)(=O)O)/N=N/c1ccc(cc1)c1ccc(cc1)/N=N/c1c(O)c2c(N)cc(cc2cc1S(=O)(=O)O)S(=O)(=O)O,1
ClCCN([P@]1(=O)OCC[C@H](N1)O)CCCl,1
OC[C@H]1O[C@@H](Oc2cc(O)c(c(c2)O)C(=O)CCc2ccc(c(c2)O)OC)[C@@H]([C@H]([C@@H]1O)O)O[C@@H]1O[C@@H](C)[C@@H]([C@H]([C@H]1O)O)O,0
OC[C@@H]1C[C@H]([C@@H](O1)n1cnc2c1ncnc2N)O,1
OC(=O)CC(C1CCCS(=O)C1)CC(=O)O,0
CCCCCCCCC(=O)OCC=C,0
OC(=O)[C@H](c1ccc(cc1)Oc1nccs1)C,0
CC(C(=O)Nc1ccccc1)Br,1
ClCC(=O)Nc1snc2c1cc(Cl)cc2,1
CCCCB(CCCC)CCCC,1
OC(CNC(C)(C)C)COc1ccc(cc1C(=O)C)NC(=O)NC(C)(C)C,0
NC(C(=O)O)COC(=O)/C=N#N,1
OCCN(CCO)CCO,0
BrCc1ccccc1[N+](=O)[O-],0
NC(=O)OCc1ncc(n1C)[N+](=O)[O-],1
O=NN1CCCN(CC1)N=O,1
CNC(=O)ONC(=O)NC,1
C[C@]1(OC1)c1ccc(cc1)c1ccccc1,1
O=C1N(C(=O)C2CC=CCC12)SC(C(Cl)Cl)(Cl)Cl,1
ONc1nc(N)nc2c1[nH]cn2,1
Cc1cccc(c1)N=Nc1ccc(cc1)N(C)C,1
OC1c2cc3ccccc3c3c2c2c1cccc2cc3,1
n2c(N)cc3[nH]c1ccccc1c3(c2C),1
O=C1CCCCC1,0
O=C(NS(=O)(=O)c1ccc(cc1)C)Nc1ncc(s1)[N+](=O)[O-],0
Oc1ccc(c(c1)C)C,0
O=NN1C(Cc2c(C1C)[nH]c1c2cc(cc1)[N+](=O)[O-])C(=O)OC,1
CCN(c1cccc(c1)O)CC,1
O[C@@H]1[C@@H]2C[C@@]34[C@@H]5[C@H]1[C@@]1(C(=C2O)C(=O)c2c(C1=O)c(O)c(cc2O)C)C[C@@H]([C@H]5O)C(=C3C(=O)c1c(C4=O)c(O)c(cc1O)C)O,0
Nc1ccc2c(c1)[s+]c1c(n2)ccc(c1)N,1
Fc1cccc2c1ccc1c2nccc1,1
N#CC(=C)C,0
O=NN1CCC=CC1,1
[O-][N+](=O)c1ccccc1S(=O)(=O)O,0
O=S(=O)(N1C2C1c1ccccc1-c1c2cccc1)Cc1ccccc1,1
[O-][N+](=O)c1cc(ccc1c1ccccc1[N+](=O)[O-])[N+](=O)[O-],1
COc1ccc2c(c1)[nH]c1c2CCN=C1C,0
CCN(CCN1C(=O)CN=C(c2c1ccc(c2)Cl)c1ccccc1F)CC,0
CCCCCCNCCCCCC,0
N#Cc1cccc2c1cccc2[N+](=O)[O-],1
CC(c1ccccc1NC(=O)c1c(C)nn(c1F)C)CC(O)(C)C,0
O=[N+]([O-])c4ccc1ccc2ccc(c3ccc4(c1c23))[N+](=O)[O-],1
CCCn1cc2c3c1cccc3[C@@H]1[C@@H](C2)N(C#N)C[C@@H](C1)C,1
O[C@@H]1[C@@H]2O[C@@H]2c2c([C@H]1O)ccc1c2cc2cccc3c2c1C=C3,1
Oc1c(cc(cc1C(C)(C)C)C)C(C)(C)C,1
O=C1c2ccccc2CCc2c1cccc2,0
CCN(C(=O)N(C)C)N=O,1
Oc1c(cc(c(c1Cc2c(O)c(cc(c2Cl)Cl)Cl)Cl)Cl)Cl,0
CC(=O)O[C@@H](c1ccc2c(c1)OCO2)[C@@H]1CO1,1
CCc1nn(c(c1Cl)C(=O)NCc1ccc(cc1)C(C)(C)C)C,0
C[n+]1ccsc1N=Nc1c(c2ccccc2)n(c2c1cccc2)C,1
O=C1CCCC2=C1C(C)(C)[C@@H](C2(C)C)C,0
OC(=O)CI,1
[O-][N+](=O)c1cccc(c1)[N+](=O)[O-],1
OC(=O)C(Oc1ccc(cc1)[C@H]1CCCc2c1cccc2)(C)C,0
CC(=O)c1ccccc1,0
CCC(=O)OCc1cccc(c1)[N+](=O)[O-],0
OC(=O)Cc1ccccc1Cl,0
OC1=C(C)CCC1=O,0
CNC(=O)Oc1cccc2c1cccc2,1
O=P(OP(=O)(N(C)C)N(C)C)(N(C)C)N(C)C,0
Br[C@@H](C=O)CBr,1
Cc1cccc2c1ccc1c2cccc1,1
Oc1cccc2c1C(=O)c1cccc(c1C2=O)O,1
O=C/C=C(\CCC=C(C)C)/C,0
CC(c1ccc(c2-c(c1)c(C)cc2S(=O)(=O)O)C)C,0
Cc1c2C3OC3c3c(-c2c(c2c1cccc2)C)cccc3,1
Oc1ccc(cc1)C1(OC(=O)c2c1cccc2)c1ccc(cc1)O,0
Nc1ccc(cc1O)c1ccc(c(c1)O)N,1
CCOC(=O)OC1=C(C(=O)NC21CCC(CC2)OC)c1cc(C)ccc1C,0
COc1nsc2c1c(ccc2)[N+](=O)[O-],1
CC(=CC1C(C1(C)C)C(=O)OCc1cccc(c1)Oc1ccccc1)C,1
OCCC(C)C,0
CC[C@H](COC(=O)/C=C/c1ccc(cc1)/N=C/c1ccc(cc1)OC)C,1
ClCC(=O)Nc1c(CC)cccc1CC,1
Ic1ccc(cc1)N=N/C(=N/Nc1ccc(cc1)[N+](=O)[O-])/c1ccccc1,0
CC(Cl)(Cl)C,0
CCN(c1ccc2c(c1)oc(=O)cc2C)CC,0
Clc1ccc(c(c1)Cl)C(=O)Cl,1
O=C(C(=C)C)OCCCCCOC(=O)C(=C)C,0
[O-][N+](=O)c1cccc2c1[nH]nc2,1
CCc1cc(cc(c1c1c(O)n2n(c1=O)CCOCC2)CC)C(=O)O,0
COC(=O)[C@@]12O[C@@]2(C)[C@@H](OC1=O)C(C)C,1
Clc1ccccc1C(C(C1(Cl)CC1)(Cn1cncn1)O)O,0
C[C@H]1CCOS(=O)(=O)O1,1
Ic1ccc(cc1)[n+]1nc(nn1c1ccc(cc1)[N+](=O)[O-])c1ccccc1,0
c1ccc2-c3c([C@@H]4[C@H](c2c1)N4)c1ccccc1c1c3cccc1,1
OC(=O)C(c1cc(ccc1O)OS(=O)(=O)C)(C)C,0
Cc1cc(Cc2cc(C)cc(c2O)C(C)(C)C)c(c(c1)C(C)(C)C)O,0
COCC(=O)O,0
OC(COc1ccccc1C1=CCCC1)CNC(C)(C)C,0
c1ccc2c(c1)nccn2,1
ClC/C=C/Cl,1
CNC(=O)N(c1nc2c(s1)cccc2)C,0
O=C1NCCN1/N=C/c1ccc(o1)[N+](=O)[O-],1
O=CNc1scc(n1)/C=C\c1ccc(o1)[N+](=O)[O-],1
NC1CC(OC(C1O)C)OC1CC(O)(Cc2c1c(O)c1c(c2O)C(=O)c2c(C1=O)c(O)ccc2)C(=O)C,1
O[C@H]1C(OC[C@H]([C@@H]1O)O)Nc1ccc(cc1)C,1
CCCCCCCC[C@@H]1O[C@H]1CCCCCCCC(=O)OC[C@@H](CCCC)CC,0
CC(=O)Nc1ccc(cc1)Nc1ccc(cc1)[N+](=O)[O-],1
BrCC(=O)c1cccc(c1)OC,0
CN=C=O,0
Oc1ccc2c(c1)oc(=O)c1c2oc2c1ccc(c2)O,0
O=C(C(Cc1c[nH]cn1)NC(=O)C(CS(=O)(=O)C(C)(C)C)Cc1ccccc1)NC(C(C(C1CC1)O)O)CC1CCCCC1,0
OCOC(C)(C)C,0
ClCC1(C(Cl)Cl)C2CC(C1(CC2(Cl)Cl)C(Cl)Cl)(Cl)Cl,0
Cl/C(=C(\C(=C(Cl)Cl)Cl)/Cl)/SSc1ccccc1[N+](=O)[O-],1
[O-][N+](=O)c1cc2cc(ccc2c2c1cccc2)[N+](=O)[O-],1
COc1cc(O)nc(n1)NC(=O)N,0
O=CC1=CC[C@H](CC1)C(=C)C,0
CCSCCSP(=S)(OC)OC,0
CC(=O)OC1Cc2c3c1cc1cccc4c1c3c(cc2)cc4,1
[O-][N+](=O)c1cccc2c1n[nH]c2,1
CN(CCNC(=O)c1cccc2c1nc1ccccc1c2)C,1
COc1ccc2c(c1)c1c(OC)c(OC)cc3c1c(c2)N(C)CC3,0
Cc1ccc2c(c1)C(=O)c1c(C2=O)cccc1,0
CCc1c2ccccc2c(c2c1c1ccccc1cc2)C,0
COC(=O)c1cc(ccc1N)c1ccc(c(c1)C(=O)OC)N,1
Cc1ccc(c(c1)N)[N+](=O)[O-],0
C#CCOCC[n+]1ccccc1/C=N/O,0
Cc1ccccc1Cl,0
Nn1c2ccncc2c2c1cccc2,1
O=NN(C(=O)Oc1cccc2c1cccc2)C,1
OP(O)O,0
Oc1cccc2c1OC(C2)(C)C,0
CCn1cc(C(=O)O)c(=O)c2c1cc1OCOc1c2,1
c1cc2cccc3c2c(c1)CC3,0
ICC[C@@H]1OC[C@H](O1)CO,1
[O-][N+](=O)c1c(C)ccc2c1cccc2,1
COc1ccc(cc1)Nc1ccc(cc1)OC,0
ONc1ccc(cc1)Sc1ccccc1,1
CC1=CC[C@H]2[C@H](C1)[C@H](CC=C2C)C(C)(C)C,0
C1C[C@H]2[C@@H]([C@H]1O[C@H]1CC[C@H]3[C@@H]1O3)O2,0
CCn1c(N)nc2c1ccc1c2nc(cn1)C,1
O=C1c2ccc3c(c2-c2c1ccc1c2cccc1)cccc3,1
CCCC[N+](=O)[O-],0
OCC1OC(C(C1O)O)n1cnc2c1ncn1c2ncc1,0
OC[C@]1(C)C=C2C(=C(C)C3([C@@](C2=O)(C)O)CC3)[C@H]1O,1
Cc1cc(cc(c1N)C)c1cc(C)c(c(c1)C)N,0
Cc1cc(O)c2c(c1O)C(=O)c1c(C2=O)c(O)ccc1O,1
CC(=O)OC1(CCC2C1(C)CCC1C2C=C(C2=CC(=O)C3C(C12C)C3)Cl)C(=O)C,0
O=C(c1ccccc1)OCc1ccccc1[N+](=O)[O-],0
O(c1cc(c(cc1Cl)Cl)Cl)P(OC)(OC)=S,0
OC1C2OC2c2c(C1O)ccc1c2cc2ccc3c(c2n1)cccc3,0
Fc1ccc(cc1)[C@@H]1O[C@H]1C(=O)c1ccccc1,0
CCN(c1ccc(cc1)[N+]#N)CC,1
O1c3cc(c(cc3(Oc2cc(c(cc12)Cl)Cl))Cl)Cl,1
FC(F)C,0
O=C(Nc1nc(cs1)c2oc(cc2)[N+](=O)[O-])C,1
OC[C@@H]1O[C@@H]([C@H]([C@@H]([C@H]1O)O)O)c1c(O)c2c(c(c1O)O)C(=O)c1c(C2=O)c(C)c(c(c1)O)C(=O)O,1
CCCCON(C(=O)c1ccc(cc1)Cl)OC(=O)C,1
COc1ccc2c(c1)oc(=O)cc2CBr,0
Cc1cc2ccccc2c(c1)C,0
CNc1nc(nc(n1)O)NC(=O)NS(=O)(=O)c1ccccc1C(=O)OC,0
Cc1c(cccc1[N+](=O)[O-])[N+](=O)[O-],1
Cc1ccc(cc1)N(C)C,1
ClC(SN1C(=O)[C@H]2[C@H](C1=O)CC=CC2)(Cl)Cl,1
CC(=O)c1cccc(c1)[N+](=O)[O-],1
O=NN(C(=O)NC1C(O)OC(CO)C(O)C1(O))CCCl,1
c1ccc[nH]1,0
c1ccc2cc3c5cccc4cccc(c3(cc2(c1)))c45,1
Cn1cc2c(n1)cc(cc2)[N+](=O)[O-],1
Cc1ccc2c(c1)ccc1c2cc2ccccc2c1,1
Nc1ccc2c(c1)nc1c(n2)cc(cc1)N,1
c1ccc(cc1)/N=N/c1ccccc1,1
O=C(OCCCC)c1ccccc1(C(=O)OCCCC),0
Nc1cc([N+](=O)[O-])c(cc1Cl)N,1
Cc1c2[C@H]3N[C@H]3c3c(-c2cc2c1cccc2)cccc3,1
Cc1cc(c(c(c1)C(C)(C)C)O)C(C)(C)C,0
NC(=O)CNC(=O)/C=N#N,1
CCC/C=C(/C=O)\CC,0
CCOCCOC(=O)c1cc(ccc1N)Cc1ccc(c(c1)C(=O)OCCOCC)N,0
CC(=O)[C@H](O)C,0
OCCCCl,1
Nc1nc(N)nc(n1)Cl,0
CSCCC(C(=O)O)N,0
Clc1ccc(c(c1)N)Cl,0
N[C@@H]1CC[C@H](CC1)N,0
Clc1cccc(c1)C(=O)Cl,1
NC(=NC(=N)N)NCCc1ccccc1,0
O=Nc1ncn(c1c1ccccc1)C,1
C=CCOc1ccccc1OC[C@@H](CNC(C)C)O,0
C[C@@H](Nc1ccc(cc1)N[C@@H](CCC(C)C)C)CCC(C)C,0
OCc1c2ccc3c(c2nc2c1cc(C)cc2)C=CC(C3O)O,1
O=Nc1n(C)cnc1c1ccccc1,1
O=CC1(C)OC21CC1(C)C(C)C(OC(=O)C)C3C(C1=CC2=O)O3,1
Ic1cc2cccnc2c(c1)C(=O)O,0
OCc1ccc(cc1[N+](=O)[O-])[N+](=O)[O-],1
O=C(O)CCCOc1ccc(cc1C)Cl,0
Clc1cncc(c1)Cl,0
[O-][N@@+]1(C)CCC[C@@H]1c1cccnc1,0
COC(=O)C(N(c1c(C)cccc1C)C(=O)Cc1ccccc1)C,0
CN(c1nc(C)c(c(n1)O)C)C,0
CCC1c2ccc(cc2C(=C1c1ccc(cc1)O)C)O,0
CNC(=O)NC,0
ClCCN(c1ccc(cc1)C)CCCl,0
CC(=C)[C@@H]1CC=C([C@H](C1)O)C,0
Clc1cccc(c1)[N+](=O)[O-],0
COC(=O)C=C,0
COC(CC(=O)C)(C)C,0
ClN1[C@@H]2[C@H]1c1ccccc1-c1c2cccc1,1
CC(c1ccc(cc1)OP(=O)(Oc1ccccc1)Oc1ccccc1)C,0
Nc1ccc(c2c1C(=O)c1ccccc1C2=O)N,1
CCCCOC(=O)/C=C\C(=O)OCCCC,0
c1c[n+](ccc1c2cc[n+](cc2)C)C,0
O=CC1=C[C@@]2(O)CC(C[C@H]2[C@]2([C@]1(C=O)C2)C)(C)C,1
OC(=O)C(c1cccc(c1)Oc1ccccc1)O,0
Cc1c(N)cccc1N=[N+](c1cccc(c1C)N)[O-],1
CN(CCNC(=O)c1cccc2c1sc1ccccc1c2=O)C,1
O=C(C(C)(C)C)C1C(=O)c2c(C1=O)cccc2,0
CCNCC#CC(OC(=O)C(c1ccccc1)(C1CCCCC1)O)(C)C,0
Cc1cc2cc3cccc(c3c(c2c(c1)O)O)O,1
CC(c1ccc(cc1)O)(c1ccc(cc1)O)C,0
Cc1ccc(cc1)S(=O)(=O)N1[C@@H]2[C@H]1c1ccccc1-c1c2cccc1,1
Oc1ccc(cc1Sc1cc(Cl)ccc1O)Cl,0
Clc1ccc(cc1Cl)N=Nc1ccc(c(c1)Cl)Cl,0
BrC(C(=O)O)Br,1
NCCc1ccc(c(c1)O)O,1
C=C[C@H](c1ccc(c2c1cccc2)OC)OC(=O)C,1
CCC(=O)N(c1ccc(cc1)c1ccccc1)O,1
OC(C(C)(C)C)C(n1ncnc1)Cc1ccc(cc1)Cl,0
C=CC(=O)NC(CC(=O)C)(C)C,0
CCn1nc(C(=O)O)c(=O)c2c1cc1OCOc1c2,1
c1cc2Cc3c4c2c(c1)ccc4ccc3,1
CC(=O)Nc1ccc2-c3c(Cc2c1OC(=O)c1ccccc1)cccc3,0
n1cccc2ccccc12,1
O=c1cc(n(n1c1ccccc1)C)C,0
COc1c(OC)ccc2c1cc1N(C)C(=O)C(=O)c3c1c2c1OCOc1c3,1
Cc1cn(CC(CN=N#N)O)c(=O)[nH]c1=O,1
CCC1(C)CO1,0
NCc1cccc(c1)CN,0
COC(=O)c1ccc(cc1)CN(N=O)C,0
NNc1ccc(cc1)[N+](=O)[O-],1
OC[C@@H](c1ccccc1)C(=O)O[C@@H]1C[C@@H]2N([C@H](C1)[C@H]1[C@@H]2O1)C,0
CC(C1c2cc(C(=O)C)c(cc2C(C1C)(C)C)C)C,0
O=C1C(=O)C2(C(C1CC2)(C)C)C,0
Cc1cnc2c(n1)c1nc(n(c1cc2C)C)N,1
OC1CCC2(C(C1)CC(=O)C1C2CCC2(C1CCC2C(CCC(=O)O)C)C)C,0
N(CC)(CC)CC,0
COc1cc(N=Nc2ccccc2)ccc1N,1
c1cc2ccc3c4c2c(n1)ccc4ccc3,1
CN(CCNS(=O)(=O)c1cccc2c1nccc2)C,0
COc1cc(O)c2c(c1)oc(c(c2=O)O)c1ccc(c(c1)O)O,1
c1ncn[nH]1,0
C(C1OC1)Cc1ccccc1,1
CC(=O)O[C@@H]1Cc2c3c1c1ccc4c(c1cc3ccc2C)cccc4,1
C1CC23C(C1)(O3)C=CC=C2,1
OCNC(=O)c1ccc(cc1)Cl,0
O=[N+]([O-])c1ccc(c(c1)[N+](=O)[O-])C,1
Cc1c2ccccc2c(c2c1cccc2)COS(=O)(=O)O,1
NN(C)C,1
Oc1cccc2c1ccc1c2c2c([nH]1)cc(c1c2cccc1)[N+](=O)[O-],1
CCn1cc(C(=O)O)c(=O)c2c1cc(N1CCNCC1)c(c2)F,1
CC[C@]1(OCCc2c1[nH]c1c2ccc(c1CC)O)CC(=O)O,1
O=NN(CC)CC,1
CCC1(OCCc2c1[nH]c1c2cccc1C(O)C)CC(=O)O,0
CN1CCN(CC1)c1c(F)c(C(=O)O)c2c3c1OC[C@H](n3ccc2=O)C,1
O=C(O)CN(CC(=O)O)CC(=O)O,1
COc1cc2c(cc1O)CCN[C@@]12CSC2c3c(OC(=O)C)c(C)c4c(c3[C@H](COC1=O)N1[C@@H]2[C@@H]2N([C@H]([C@@H]1O)Cc1c2c(O)c(c(c1)C)OC)C)OCO4,1
O=C1c2ccccc2-c2c3c1ccc1-c4ccccc4C(=O)c(c31)cc2,0
